org,repo,score,issue_open_close_ratio,num_open_pr,pr_open_duration,num_contributors,comments_per_pr,commit_per_dev,num_releases,num_commits,issue_open_user,issue_open_duration
daenamkim,b9lab-remittance,1.0,0.0,0.0,0.0,0.0,0.0,13.0,0.0,13.0,0.0,0.0
ademoban,VYTrackPartIII,0.87179476,0.0,0.0,0.0,0.0,0.0,8.0,0.0,8.0,0.0,0.0
Azure,azure-rest-api-specs,0.8569254,0.0,0.0,145.0,4.0,8.0,0.0,0.0,0.0,0.0,0.0
flutter,flutter,0.84697384,4.0,2.0,6.0,1.0,0.0,0.0,0.0,0.0,8.0,991.0
jpcanty87,JJ,0.84615386,0.0,0.0,0.0,0.0,0.0,7.0,0.0,7.0,0.0,0.0
department-of-veterans-affairs,va.gov-cms,0.83653843,0.0,0.0,0.0,1.0,0.0,5.0,0.0,5.0,0.0,0.0
xamarin,monodroid-samples,0.8333333,0.0,0.0,0.0,0.0,0.0,0.0,13.0,0.0,0.0,0.0
wiredtiger,wiredtiger,0.8333333,0.0,0.0,0.0,0.0,53.0,0.0,0.0,0.0,0.0,0.0
Azure,iotedge,0.8329771,0.0,0.0,33.0,4.0,0.0,0.0,0.0,0.0,0.0,0.0
NREL,EnergyPlus,0.8205127,0.0,0.0,0.0,0.0,0.0,2.0,0.0,10.0,0.0,0.0
solana-labs,solana,0.81905586,0.0,2.0,36.0,4.0,0.0,0.0,0.0,0.0,0.0,0.0
Azure,azure-sdk-for-python,0.8188062,3.0,1.0,113.0,3.0,1.0,0.0,0.0,0.0,2.0,393.0
xamarin,xamarin-macios,0.8171651,0.0,0.0,2.0,1.0,2.0,4.0,0.0,4.0,0.0,0.0
PaddlePaddle,Paddle,0.8139967,1.0,0.0,478.0,3.0,3.0,0.0,0.0,0.0,1.0,0.0
kokidrany,hello-world,0.8108974,0.0,0.0,0.0,1.0,0.0,4.0,0.0,4.0,0.0,0.0
streamich,ci-scripts,0.81088656,0.0,0.0,1.0,1.0,0.0,4.0,0.0,4.0,0.0,0.0
apple,swift,0.80952466,0.0,2.0,17.0,3.0,2.0,1.0,0.0,1.0,0.0,0.0
UNDataForum,gatsby-themes,0.80768037,0.0,0.0,0.0,0.0,0.0,3.0,5.0,3.0,0.0,4.0
MicrosoftDocs,azure-docs,0.80686975,2.0,0.0,0.0,0.0,0.0,0.0,0.0,0.0,7.0,25.0
webdevatlanta,MemberDirectory,0.80271,1.0,1.0,6.0,3.0,0.0,0.0,0.0,0.0,1.0,1.0
tensorflow,tensorflow,0.80193824,5.0,1.0,201.0,1.0,4.0,0.0,0.0,0.0,5.0,46.0
aimergenge,dc-cims-client,0.79487175,0.0,0.0,0.0,0.0,0.0,0.0,10.0,0.0,0.0,0.0
m3llington,Project-1,0.7916666,0.0,0.0,0.0,3.0,0.0,0.0,0.0,0.0,0.0,0.0
oslabs-beta,Swell,0.7916666,0.0,0.0,0.0,3.0,0.0,0.0,0.0,0.0,0.0,0.0
lambda-prisoner-skills,PrisonerSkill,0.7916666,0.0,0.0,0.0,3.0,0.0,0.0,0.0,0.0,0.0,0.0
Michch333,EventAngularProject,0.7916666,0.0,0.0,0.0,3.0,0.0,0.0,0.0,0.0,0.0,0.0
Marthox1999,Nova,0.7916666,0.0,0.0,0.0,3.0,0.0,0.0,0.0,0.0,0.0,0.0
build-week-sixr-virtual-reality,Front-end,0.7916666,0.0,0.0,0.0,3.0,0.0,0.0,0.0,0.0,0.0,0.0
dchicchon,project-3,0.7916666,0.0,0.0,0.0,3.0,0.0,0.0,0.0,0.0,0.0,0.0
stephenchu530,parley-app,0.7916666,0.0,0.0,0.0,3.0,0.0,0.0,0.0,0.0,0.0,0.0
pi-H20,pi-front-end,0.7916666,0.0,0.0,0.0,3.0,0.0,0.0,0.0,0.0,0.0,0.0
reception-bot,Notifly,0.7916666,0.0,0.0,0.0,3.0,0.0,0.0,0.0,0.0,0.0,0.0
hieunguyen2211,Recruitment,0.7916666,0.0,0.0,0.0,3.0,0.0,0.0,0.0,0.0,0.0,0.0
Scott09,decision_maker,0.7916666,0.0,0.0,0.0,3.0,0.0,0.0,0.0,0.0,0.0,0.0
rachaelbelle,goldstar,0.79165584,0.0,0.0,1.0,3.0,0.0,0.0,0.0,0.0,0.0,0.0
ApolloAuto,apollo,0.791645,0.0,0.0,2.0,3.0,0.0,0.0,0.0,0.0,0.0,0.0
burichazuke,freemarket_sample_54a,0.79148316,0.0,0.0,17.0,3.0,0.0,0.0,0.0,0.0,0.0,0.0
Guhuyan,Group-Project,0.78472215,0.0,1.0,0.0,3.0,0.0,0.0,0.0,0.0,0.0,0.0
johnrobby,CellarSellars,0.78472215,0.0,1.0,0.0,3.0,0.0,0.0,0.0,0.0,0.0,0.0
tencentyun,qcloud-documents,0.7845927,0.0,1.0,12.0,3.0,0.0,0.0,0.0,0.0,0.0,0.0
libra,libra,0.78387284,0.0,2.0,18.0,3.0,2.0,0.0,0.0,0.0,0.0,0.0
microsoft,WebTemplateStudio,0.7833117,3.0,0.0,2.0,2.0,0.0,0.0,0.0,0.0,2.0,0.0
milesj,boost,0.7820512,0.0,0.0,0.0,0.0,0.0,0.0,9.0,0.0,0.0,0.0
web-platform-tests,wpt,0.7814199,0.0,1.0,9.0,2.0,0.0,0.0,3.0,0.0,0.0,0.0
counter2015,lab-starter,0.77649826,1.0,0.0,19.0,1.0,16.0,0.0,0.0,0.0,1.0,0.0
oslabs-beta,firecomm,0.775641,0.0,0.0,0.0,2.0,0.0,0.0,2.0,0.0,0.0,0.0
elastic,kibana,0.77470845,2.0,5.0,61.0,3.0,1.0,0.0,0.0,0.0,1.0,0.0
aurelia,cli,0.77266926,0.0,0.0,449.0,1.0,22.0,0.0,0.0,0.0,0.0,0.0
NixOS,nixpkgs,0.7712256,0.0,3.0,255.0,3.0,1.0,0.0,0.0,0.0,0.0,0.0
aspnet,AspNetCore.Docs.zh-cn,0.77109224,1.0,0.0,10.0,2.0,1.0,0.0,0.0,0.0,1.0,0.0
hayataka000,freemarket_sample_54a,0.7707362,0.0,3.0,9.0,3.0,0.0,0.0,0.0,0.0,0.0,0.0
nirmata,kyverno,0.76976126,0.0,0.0,29.0,2.0,0.0,0.0,0.0,0.0,1.0,254.0
energy-plus,EnergyPlus,0.7692307,0.0,0.0,0.0,0.0,0.0,2.0,0.0,6.0,0.0,0.0
zongou,Extensions,0.7692307,0.0,0.0,0.0,0.0,0.0,4.0,0.0,4.0,0.0,0.0
symphonyDev,DemoRepoPublic6u5ny3,0.7692307,0.0,0.0,0.0,0.0,0.0,0.0,8.0,0.0,0.0,0.0
m-iris,reviewing-a-pull-request,0.76805556,1.0,0.0,0.0,2.0,0.0,0.0,0.0,0.0,1.0,0.0
m-iris,merge-conflicts,0.76805556,1.0,0.0,0.0,2.0,0.0,0.0,0.0,0.0,1.0,0.0
selfteaching,selfteaching-python-camp,0.76798,1.0,0.0,7.0,2.0,0.0,0.0,0.0,0.0,1.0,0.0
Emurgo,yoroi-frontend,0.7678174,0.0,0.0,680.0,2.0,8.0,0.0,0.0,0.0,0.0,0.0
apache,pulsar,0.7665401,0.0,0.0,507.0,2.0,7.0,0.0,0.0,0.0,0.0,0.0
pingcap,tidb,0.7664259,0.0,1.0,43.0,2.0,1.0,0.0,0.0,0.0,1.0,48.0
stripe,stripe-php,0.7656521,0.0,0.0,29.0,2.0,1.0,0.0,1.0,0.0,0.0,0.0
nipy,dipy,0.765475,0.0,0.0,23.0,2.0,5.0,0.0,0.0,0.0,0.0,0.0
stripe,stripe-dotnet,0.7627757,0.0,0.0,0.0,2.0,0.0,0.0,1.0,0.0,0.0,15.0
ElemeFE,element,0.7623105,2.0,0.0,0.0,0.0,0.0,0.0,0.0,0.0,5.0,993.0
dotnet,docfx,0.76160717,0.0,0.0,90.0,2.0,4.0,0.0,0.0,0.0,0.0,0.0
Unity-Technologies,ml-agents,0.76108944,1.0,1.0,2.0,2.0,0.0,0.0,0.0,0.0,1.0,0.0
microsoft,onnxruntime,0.7610679,1.0,1.0,4.0,2.0,0.0,0.0,0.0,0.0,1.0,0.0
chapel-lang,chapel,0.75972223,4.0,0.0,0.0,2.0,0.0,0.0,0.0,0.0,1.0,0.0
1904-flex-projects,Team-A-GraceShopper,0.75972223,4.0,0.0,0.0,2.0,0.0,0.0,0.0,0.0,1.0,0.0
worldbank,iefieldkit,0.75961536,0.0,0.0,0.0,1.0,0.0,2.0,0.0,2.0,0.0,0.0
jayfallon,portfolio-2019-bis,0.75961536,0.0,0.0,0.0,1.0,0.0,2.0,0.0,2.0,0.0,0.0
maticzav,gimb-events,0.7596046,0.0,0.0,1.0,1.0,0.0,2.0,0.0,2.0,0.0,0.0
ThatConference,that.us,0.7595613,0.0,0.0,5.0,1.0,0.0,2.0,0.0,2.0,0.0,0.0
IrisDroidology,portfolio,0.7588675,2.0,0.0,0.0,0.0,0.0,3.0,0.0,3.0,1.0,0.0
Qiskit,qiskit-tutorials-community,0.7569445,5.0,0.0,0.0,0.0,0.0,0.0,0.0,0.0,5.0,0.0
juampi,hackergateway,0.7560626,0.0,0.0,21.0,2.0,2.0,0.0,0.0,0.0,0.0,0.0
istio,istio,0.75574404,1.0,0.0,14.0,1.0,4.0,0.0,0.0,0.0,2.0,1307.0
apache,hbase,0.7548123,0.0,0.0,64.0,1.0,15.0,0.0,0.0,0.0,0.0,0.0
treehouses,builder,0.75444424,0.0,0.0,19.0,1.0,0.0,1.0,0.0,1.0,1.0,53.0
projectacrn,acrn-hypervisor,0.75406957,1.0,2.0,9.0,2.0,0.0,0.0,0.0,0.0,1.0,0.0
googleapis,gax-nodejs,0.75312304,0.0,0.0,2.0,2.0,1.0,0.0,0.0,0.0,0.0,0.0
googleapis,nodejs-compute,0.75310147,0.0,0.0,4.0,2.0,1.0,0.0,0.0,0.0,0.0,0.0
googleapis,nodejs-bigtable,0.75310147,0.0,0.0,4.0,2.0,1.0,0.0,0.0,0.0,0.0,0.0
1846689910,vista,0.7520299,1.0,0.0,0.0,1.0,0.0,0.0,2.0,0.0,1.0,0.0
rancher,rancher,0.7504929,3.0,2.0,117.0,1.0,1.0,0.0,0.0,0.0,3.0,0.0
inhabitedtype,ocaml-aws,0.75039226,0.0,0.0,255.0,2.0,1.0,0.0,0.0,0.0,0.0,0.0
lookwendyican,Project-One,0.74999994,0.0,0.0,0.0,2.0,0.0,0.0,0.0,0.0,0.0,0.0
johnericward,groupproject1,0.74999994,0.0,0.0,0.0,2.0,0.0,0.0,0.0,0.0,0.0,0.0
tsherry82,ProjectOne,0.74999994,0.0,0.0,0.0,2.0,0.0,0.0,0.0,0.0,0.0,0.0
jmrada14,project1-,0.74999994,0.0,0.0,0.0,2.0,0.0,0.0,0.0,0.0,0.0,0.0
jayrwebdev,G.OO.H,0.74999994,0.0,0.0,0.0,2.0,0.0,0.0,0.0,0.0,0.0,0.0
Nima99,project-1,0.74999994,0.0,0.0,0.0,2.0,0.0,0.0,0.0,0.0,0.0,0.0
runtime-error5,project3,0.74999994,0.0,0.0,0.0,2.0,0.0,0.0,0.0,0.0,0.0,0.0
bwj19-wedding-planner-portfolio,Front-End,0.74999994,0.0,0.0,0.0,2.0,0.0,0.0,0.0,0.0,0.0,0.0
J-Lindley,Intervue,0.74999994,0.0,0.0,0.0,2.0,0.0,0.0,0.0,0.0,0.0,0.0
microsoft,sarif-sdk,0.74999994,0.0,0.0,0.0,2.0,0.0,0.0,0.0,0.0,0.0,0.0
fillyh,mfw-restaurante,0.74999994,0.0,0.0,0.0,2.0,0.0,0.0,0.0,0.0,0.0,0.0
mentorme-build-week,landing-page,0.74999994,0.0,0.0,0.0,2.0,0.0,0.0,0.0,0.0,0.0,0.0
molly02,Travel-Agency,0.74999994,0.0,0.0,0.0,2.0,0.0,0.0,0.0,0.0,0.0,0.0
LCTT,TranslateProject,0.74999994,0.0,0.0,0.0,2.0,0.0,0.0,0.0,0.0,0.0,0.0
tenthyoung,project-3,0.74999994,0.0,0.0,0.0,2.0,0.0,0.0,0.0,0.0,0.0,0.0
cs19-buildweek-frogs,backend,0.74999994,0.0,0.0,0.0,2.0,0.0,0.0,0.0,0.0,0.0,0.0
nickborbe,caso-client-landing-temp,0.74999994,0.0,0.0,0.0,2.0,0.0,0.0,0.0,0.0,0.0,0.0
wikimedia,grunt-stylelint,0.74999994,0.0,0.0,0.0,2.0,0.0,0.0,0.0,0.0,0.0,0.0
AlyssaB283,Comp-2068-Assignment-2,0.74999994,0.0,0.0,0.0,2.0,0.0,0.0,0.0,0.0,0.0,0.0
labspt3-nutrition-tracker,nutrition-tracker-FE,0.74999994,0.0,0.0,0.0,2.0,0.0,0.0,0.0,0.0,0.0,0.0
flightgenie,flightgenie,0.74999994,0.0,0.0,0.0,2.0,0.0,0.0,0.0,0.0,0.0,0.0
team-toolee,toolio_v2,0.74999994,0.0,0.0,0.0,2.0,0.0,0.0,0.0,0.0,0.0,0.0
lenaxellos,TEST,0.74999994,0.0,0.0,0.0,2.0,0.0,0.0,0.0,0.0,0.0,0.0
ecs160ss12019,Foosummer,0.74999994,0.0,0.0,0.0,2.0,0.0,0.0,0.0,0.0,0.0,0.0
Edisson22,claseuno,0.74999994,0.0,0.0,0.0,2.0,0.0,0.0,0.0,0.0,0.0,0.0
jrectenwald,everyone-loves-toast,0.74999994,0.0,0.0,0.0,2.0,0.0,0.0,0.0,0.0,0.0,0.0
dotnet,core-sdk,0.74999994,0.0,0.0,0.0,2.0,0.0,0.0,0.0,0.0,0.0,0.0
symphonyDev,DevPublicRepoAK95y2rk,0.74999994,0.0,0.0,0.0,2.0,0.0,0.0,0.0,0.0,0.0,0.0
mattvalli,ucsc-bootcamp-project-1,0.74999994,0.0,0.0,0.0,2.0,0.0,0.0,0.0,0.0,0.0,0.0
kamirdin,github-slideshow,0.74999994,0.0,0.0,0.0,1.0,0.0,0.0,0.0,0.0,2.0,0.0
bwreplate,Front-End,0.74999994,0.0,0.0,0.0,2.0,0.0,0.0,0.0,0.0,0.0,0.0
project-bookr,UI,0.74999994,0.0,0.0,0.0,2.0,0.0,0.0,0.0,0.0,0.0,0.0
build-week-bucketlist,Marketing-Page,0.74999994,0.0,0.0,0.0,2.0,0.0,0.0,0.0,0.0,0.0,0.0
nlabtpu,acceleration-graph,0.74999994,0.0,0.0,0.0,2.0,0.0,0.0,0.0,0.0,0.0,0.0
lambda-secretcookbook,cookbook-marketing,0.74999994,0.0,0.0,0.0,2.0,0.0,0.0,0.0,0.0,0.0,0.0
build-week-disney-parent,ui-disney,0.74999994,0.0,0.0,0.0,2.0,0.0,0.0,0.0,0.0,0.0,0.0
randomslap,Project-3,0.74999994,0.0,0.0,0.0,2.0,0.0,0.0,0.0,0.0,0.0,0.0
JonathanES,software-engineering-CS673,0.74999994,0.0,0.0,0.0,2.0,0.0,0.0,0.0,0.0,0.0,0.0
kir-,midterm-map,0.74999994,0.0,0.0,0.0,2.0,0.0,0.0,0.0,0.0,0.0,0.0
qkrwldnjsdl1,Midterm-Project,0.74999994,0.0,0.0,0.0,2.0,0.0,0.0,0.0,0.0,0.0,0.0
ElPat0,final-project,0.74999994,0.0,0.0,0.0,2.0,0.0,0.0,0.0,0.0,0.0,0.0
noisecontrol-lambda,Front-End,0.74999994,0.0,0.0,0.0,2.0,0.0,0.0,0.0,0.0,0.0,0.0
patrickvenkat,LetTheEveningBeGin,0.74999994,0.0,0.0,0.0,2.0,0.0,0.0,0.0,0.0,0.0,0.0
panda-whale-29,Go-Green,0.74999994,0.0,0.0,0.0,2.0,0.0,0.0,0.0,0.0,0.0,0.0
MineraJL,Fiuba-TP2_Java,0.74999994,0.0,0.0,0.0,2.0,0.0,0.0,0.0,0.0,0.0,0.0
potluck-planner-7-29-8-2,frontend,0.74999994,0.0,0.0,0.0,2.0,0.0,0.0,0.0,0.0,0.0,0.0
pahferreira,destetik-backend,0.74999994,0.0,0.0,0.0,2.0,0.0,0.0,0.0,0.0,0.0,0.0
airbnb-price-opt,front-end,0.74999994,0.0,0.0,0.0,2.0,0.0,0.0,0.0,0.0,0.0,0.0
Jonorlowski1,Project-3-DM-App,0.74999994,0.0,0.0,0.0,2.0,0.0,0.0,0.0,0.0,0.0,0.0
DamianAngelidis,final-project,0.74999994,0.0,0.0,0.0,2.0,0.0,0.0,0.0,0.0,0.0,0.0
firecomm,firecomm.io,0.74999994,0.0,0.0,0.0,2.0,0.0,0.0,0.0,0.0,0.0,0.0
Mengqi89,everest-client,0.74999994,0.0,0.0,0.0,2.0,0.0,0.0,0.0,0.0,0.0,0.0
istio-releases,pipeline,0.74998915,0.0,0.0,1.0,2.0,0.0,0.0,0.0,0.0,0.0,0.0
seek-oss,treat,0.74998915,0.0,0.0,1.0,2.0,0.0,0.0,0.0,0.0,0.0,0.0
labs14-stampd,frontend,0.74998915,0.0,0.0,1.0,2.0,0.0,0.0,0.0,0.0,0.0,0.0
build-week-dv-empathy-builder,Marketing-page,0.74997836,0.0,0.0,2.0,2.0,0.0,0.0,0.0,0.0,0.0,0.0
microsoft,PTVS,0.74996936,0.0,0.0,2.0,2.0,0.0,0.0,0.0,0.0,0.0,3.0
DagonMetric,angular-build,0.7499676,0.0,0.0,3.0,2.0,0.0,0.0,0.0,0.0,0.0,0.0
borbskeeper,borbskeeper,0.7499676,0.0,0.0,3.0,2.0,0.0,0.0,0.0,0.0,0.0,0.0
Homebrew,homebrew-cask,0.7499676,0.0,0.0,3.0,2.0,0.0,0.0,0.0,0.0,0.0,0.0
hanzhongyuan,womenzuibang,0.7499676,0.0,0.0,3.0,2.0,0.0,0.0,0.0,0.0,0.0,0.0
Ryyder,project-3,0.7499352,0.0,0.0,6.0,2.0,0.0,0.0,0.0,0.0,0.0,0.0
Kalamath,bWoke,0.7499352,0.0,0.0,6.0,2.0,0.0,0.0,0.0,0.0,0.0,0.0
salkoffd,specialsauce,0.7499244,0.0,0.0,7.0,2.0,0.0,0.0,0.0,0.0,0.0,0.0
pulumi,docs,0.7499044,0.0,0.0,0.0,2.0,0.0,0.0,0.0,0.0,0.0,32.0
OneSignal,OneSignal-Android-SDK,0.74985963,0.0,0.0,13.0,2.0,0.0,0.0,0.0,0.0,0.0,0.0
viant3,project1,0.74985355,0.0,0.0,0.0,2.0,0.0,0.0,0.0,0.0,0.0,49.0
the-warp-zone,WorkOrderWizard,0.74983805,0.0,0.0,15.0,2.0,0.0,0.0,0.0,0.0,0.0,0.0
Samsung,escargot,0.7498273,0.0,0.0,16.0,2.0,0.0,0.0,0.0,0.0,0.0,0.0
apache,geode,0.7498273,0.0,0.0,16.0,2.0,0.0,0.0,0.0,0.0,0.0,0.0
sjtu-jiaojiao,SJTU-JiaoJiao,0.74969774,0.0,0.0,28.0,2.0,0.0,0.0,0.0,0.0,0.0,0.0
codenation-dev,squad-6-ad-python-2,0.7494171,0.0,0.0,54.0,2.0,0.0,0.0,0.0,0.0,0.0,0.0
dotnet,coreclr,0.7483203,3.0,2.0,25.0,2.0,0.0,0.0,0.0,0.0,1.0,7.0
vesoft-inc,nebula,0.7477679,0.0,0.0,1241.0,1.0,18.0,0.0,0.0,0.0,0.0,1263.0
NuGet,NuGet.Client,0.7475174,0.0,0.0,230.0,2.0,0.0,0.0,0.0,0.0,0.0,0.0
MahdiurRahman,campus-manager-frontend,0.74721026,1.0,0.0,0.0,1.0,0.0,0.0,0.0,0.0,2.0,4.0
chiflix,splayerx,0.7467948,0.0,0.0,0.0,1.0,0.0,0.0,3.0,0.0,0.0,0.0
artsy,reaction,0.7467409,0.0,0.0,5.0,1.0,0.0,1.0,1.0,1.0,0.0,0.0
conda-forge,git-annex-feedstock,0.7462831,0.0,0.0,25.0,1.0,4.0,1.0,0.0,1.0,0.0,0.0
python-discord,branding,0.74611026,0.0,0.0,319.0,1.0,15.0,0.0,0.0,0.0,0.0,1991.0
dotnet,docs,0.74592936,2.0,2.0,0.0,1.0,0.0,0.0,0.0,0.0,3.0,1827.0
Xilinx,XRT,0.74589795,0.0,1.0,28.0,2.0,1.0,0.0,0.0,0.0,0.0,0.0
nalbam,sample-spring,0.7458342,0.0,0.0,89.0,1.0,0.0,0.0,3.0,0.0,0.0,0.0
anahisbarrie,weardrobeDB,0.7458333,9.0,0.0,0.0,2.0,0.0,0.0,0.0,0.0,1.0,0.0
gophercloud,gophercloud,0.74528176,0.0,0.0,71.0,1.0,8.0,0.0,1.0,0.0,0.0,88.0
metatron-app,metatron-discovery,0.74483067,1.0,1.0,139.0,1.0,2.0,0.0,0.0,0.0,2.0,79.0
binary-com,deriv-app,0.7444732,0.0,1.0,160.0,2.0,1.0,0.0,0.0,0.0,0.0,0.0
microsoft,vscode,0.74444145,2.0,0.0,0.0,0.0,0.0,0.0,0.0,0.0,4.0,1.0
AzureAD,microsoft-authentication-library-for-dotnet,0.7444228,2.0,0.0,2.0,1.0,0.0,0.0,0.0,0.0,2.0,0.0
tensorflow,models,0.7444228,2.0,0.0,2.0,1.0,0.0,0.0,0.0,0.0,2.0,0.0
paramt,MemeAdviser,0.7435897,0.0,0.0,0.0,0.0,0.0,3.0,0.0,3.0,0.0,0.0
rz-studio-inc,hudson-hemp,0.7435897,0.0,0.0,0.0,0.0,0.0,3.0,0.0,3.0,0.0,0.0
geroneia,996317-cat-energy-17,0.7435897,0.0,0.0,0.0,0.0,0.0,3.0,0.0,3.0,0.0,0.0
bs-community,azp-test,0.7435897,0.0,0.0,0.0,0.0,0.0,0.0,6.0,0.0,0.0,0.0
WeQs,Welcome_pack,0.7435897,0.0,0.0,0.0,0.0,0.0,2.0,2.0,2.0,0.0,0.0
espidev,ebackup,0.7435897,0.0,0.0,0.0,0.0,0.0,3.0,0.0,3.0,0.0,0.0
naguigui,market-data-company,0.7435897,0.0,0.0,0.0,0.0,0.0,3.0,0.0,3.0,0.0,0.0
RicardoJavierFernandez,Project-1,0.74305546,0.0,1.0,0.0,2.0,0.0,0.0,0.0,0.0,0.0,0.0
cloud-custodian,cloud-custodian,0.74305546,0.0,1.0,0.0,2.0,0.0,0.0,0.0,0.0,0.0,0.0
om289560,project-1,0.74305546,0.0,1.0,0.0,2.0,0.0,0.0,0.0,0.0,0.0,0.0
opspresso,argocd-env-demo,0.74305546,0.0,1.0,0.0,2.0,0.0,0.0,0.0,0.0,0.0,0.0
Zuzanav,project-1,0.74305546,0.0,1.0,0.0,2.0,0.0,0.0,0.0,0.0,0.0,0.0
etallion,relaxbreak,0.74305546,0.0,1.0,0.0,2.0,0.0,0.0,0.0,0.0,0.0,0.0
build-week-sleep-tracker,FE,0.74305546,0.0,1.0,0.0,2.0,0.0,0.0,0.0,0.0,0.0,0.0
akariiijima,foodCollect,0.74302316,0.0,1.0,3.0,2.0,0.0,0.0,0.0,0.0,0.0,0.0
ballerina-platform,ballerina-lang,0.7429908,0.0,1.0,6.0,2.0,0.0,0.0,0.0,0.0,0.0,0.0
klaytn,klaytn,0.7429152,0.0,1.0,13.0,2.0,0.0,0.0,0.0,0.0,0.0,0.0
googleapis,nodejs-datastore,0.7429029,0.0,0.0,2.0,1.0,11.0,0.0,0.0,0.0,0.0,0.0
Homebrew,homebrew-cask-versions,0.7428936,0.0,1.0,15.0,2.0,0.0,0.0,0.0,0.0,0.0,0.0
monash-merc,as-walker,0.7426238,0.0,1.0,40.0,2.0,0.0,0.0,0.0,0.0,0.0,0.0
HaloSpaceStation,HaloSpaceStation13,0.742412,0.0,0.0,703.0,2.0,0.0,0.0,0.0,0.0,0.0,0.0
mozilla,bedrock,0.7422647,0.0,0.0,356.0,2.0,1.0,0.0,0.0,0.0,0.0,2355.0
CleverRaven,Cataclysm-DDA,0.7422137,1.0,0.0,13.0,1.0,1.0,0.0,1.0,0.0,1.0,0.0
int128,kubelogin,0.7419543,0.0,0.0,0.0,1.0,0.0,0.0,1.0,0.0,1.0,11.0
groupon,swagql,0.7412488,0.0,0.0,469.0,1.0,8.0,0.0,1.0,0.0,0.0,0.0
OfficeDev,office-ui-fabric-react,0.74055827,2.0,1.0,8.0,1.0,1.0,0.0,0.0,0.0,2.0,0.0
storybookjs,storybook,0.74015576,0.0,0.0,10.0,1.0,2.0,1.0,0.0,1.0,0.0,0.0
Vianpyro,Aycraft-Web-Page,0.73985034,0.0,1.0,0.0,1.0,0.0,1.0,1.0,1.0,0.0,0.0
Johnathan,football_data,0.73920935,1.0,0.0,0.0,1.0,0.0,0.0,1.0,0.0,1.0,0.0
Sidebail,JS_BosJs,0.73920935,1.0,0.0,0.0,1.0,0.0,0.0,1.0,0.0,1.0,0.0
ImaginaryDevelopment,imaginary-hero-designer,0.7391986,1.0,0.0,1.0,1.0,0.0,0.0,1.0,0.0,1.0,0.0
nishiokadao,freemarket_sample_55b,0.739083,0.0,2.0,16.0,2.0,1.0,0.0,0.0,0.0,0.0,0.0
dotnet,wpf,0.738925,1.0,0.0,2.0,1.0,4.0,0.0,0.0,0.0,1.0,7.0
climate-machine,Oceananigans.jl,0.7385345,1.0,1.0,1.0,1.0,2.0,0.0,1.0,0.0,1.0,3.0
ibmruntimes,openj9-openjdk-jdk11,0.738269,0.0,0.0,1014.0,1.0,13.0,0.0,0.0,0.0,0.0,0.0
insarlab,MintPy,0.7381392,0.0,0.0,152.0,1.0,10.0,0.0,0.0,0.0,0.0,0.0
mozilla,fxa,0.73776233,2.0,0.0,371.0,1.0,8.0,0.0,0.0,0.0,1.0,2343.0
astropy,astropy,0.7375,2.0,1.0,0.0,1.0,0.0,0.0,0.0,0.0,2.0,0.0
dnote,dnote,0.7374391,0.0,0.0,0.0,1.0,0.0,0.0,1.0,0.0,1.0,1522.0
hcsp,fix-counting-hashset,0.737119,0.0,0.0,0.0,1.0,1.0,1.0,0.0,1.0,0.0,0.0
uniquelyparticular,stripe-distinct-usage-tracking,0.737119,0.0,0.0,0.0,1.0,1.0,1.0,0.0,1.0,0.0,0.0
Azure,azure-sdk-for-js,0.736971,2.0,4.0,49.0,2.0,0.0,0.0,0.0,0.0,1.0,0.0
thattomperson,placeholdmon,0.7369032,0.0,0.0,20.0,1.0,1.0,1.0,0.0,1.0,0.0,0.0
triplea-game,triplea,0.73643905,0.0,0.0,63.0,1.0,1.0,0.0,2.0,0.0,0.0,0.0
OriginProtocol,origin,0.736309,0.0,2.0,273.0,2.0,1.0,0.0,0.0,0.0,0.0,0.0
texas-justice-initiative,website-nextjs,0.7361833,0.0,0.0,59.0,1.0,1.0,1.0,0.0,1.0,0.0,100.0
sonb9615,ByBy,0.7361111,0.0,2.0,0.0,2.0,0.0,0.0,0.0,0.0,0.0,0.0
derat,ascenso,0.7360787,0.0,2.0,3.0,2.0,0.0,0.0,0.0,0.0,0.0,0.0
microsoft,BuildXL,0.7360787,0.0,2.0,3.0,2.0,0.0,0.0,0.0,0.0,0.0,0.0
intersective,practera-app-v2,0.7360571,0.0,2.0,5.0,2.0,0.0,0.0,0.0,0.0,0.0,0.0
PolymerLabs,arcs,0.73602474,0.0,2.0,8.0,2.0,0.0,0.0,0.0,0.0,0.0,0.0
fourmix-pub,fourmix-system,0.7359816,0.0,2.0,12.0,2.0,0.0,0.0,0.0,0.0,0.0,0.0
ocaml,ocaml,0.735849,0.0,0.0,0.0,0.0,22.0,0.0,0.0,0.0,0.0,0.0
zypA13510,ui5-fontawesome,0.7357948,2.0,0.0,59.0,1.0,0.0,0.0,1.0,0.0,1.0,0.0
uber,cadence,0.7357472,1.0,0.0,7.0,1.0,3.0,0.0,0.0,0.0,1.0,0.0
IndrajeetPatil,ggstatsplot,0.7348866,1.0,0.0,0.0,0.0,0.0,2.0,0.0,2.0,1.0,374.0
devshop,typescript-interface-to-builder-class,0.73397434,0.0,0.0,0.0,1.0,0.0,0.0,2.0,0.0,0.0,0.0
wmfs,tymly-cardscript-sdk,0.73397434,0.0,0.0,0.0,1.0,0.0,0.0,2.0,0.0,0.0,0.0
rekcurd,dashboard,0.73397434,0.0,0.0,0.0,1.0,0.0,0.0,2.0,0.0,0.0,0.0
opspresso,toaster,0.73397434,0.0,0.0,0.0,1.0,0.0,0.0,2.0,0.0,0.0,0.0
jojo-tutor,qa-bot-portal,0.73397434,0.0,0.0,0.0,1.0,0.0,1.0,0.0,1.0,0.0,0.0
marcello3d,trimerge,0.73397434,0.0,0.0,0.0,1.0,0.0,0.0,2.0,0.0,0.0,0.0
commercereads,website,0.73396355,0.0,0.0,1.0,1.0,0.0,1.0,0.0,1.0,0.0,0.0
lgeiger,ergday,0.73395276,0.0,0.0,2.0,1.0,0.0,1.0,0.0,1.0,0.0,0.0
absinthe-graphql,absinthe,0.7338983,1.0,0.0,1635.0,1.0,8.0,0.0,0.0,0.0,1.0,0.0
jeremyczhen,fdbus,0.73382324,0.0,0.0,14.0,1.0,0.0,1.0,0.0,1.0,0.0,0.0
akashic-games,akashic-pdi,0.73354256,0.0,0.0,40.0,1.0,0.0,0.0,2.0,0.0,0.0,0.0
tensorflow,docs,0.7330156,0.0,0.0,44.0,1.0,8.0,0.0,0.0,0.0,0.0,0.0
arinmsn,markdown-portfolio,0.73267823,1.0,0.0,0.0,1.0,2.0,0.0,0.0,0.0,1.0,0.0
anuragsoni,routes,0.732265,1.0,1.0,0.0,1.0,0.0,0.0,1.0,0.0,1.0,0.0
passionstorm,hrm,0.73220974,0.0,0.0,410.0,1.0,9.0,0.0,0.0,0.0,0.0,0.0
chocolatey-community,chocolatey-coreteampackages,0.7307692,0.0,0.0,0.0,0.0,0.0,0.0,5.0,0.0,0.0,0.0
yydds,cdn,0.7307692,0.0,0.0,0.0,0.0,0.0,0.0,5.0,0.0,0.0,0.0
UNDataForum,components,0.7307692,0.0,0.0,0.0,0.0,0.0,1.0,3.0,1.0,0.0,0.0
dlang,dmd,0.7302271,0.0,0.0,11.0,1.0,7.0,0.0,0.0,0.0,0.0,0.0
kubeflow,website,0.73016244,0.0,0.0,17.0,1.0,7.0,0.0,0.0,0.0,0.0,0.0
ExtraConcentratedJuice,pokecord-catcher,0.730106,0.0,0.0,4975.0,1.0,24.0,0.0,0.0,0.0,0.0,0.0
inspec,inspec,0.7295335,1.0,0.0,0.0,1.0,1.0,0.0,0.0,0.0,1.0,0.0
adaisbae,markdown-portfolio,0.7295335,1.0,0.0,0.0,1.0,1.0,0.0,0.0,0.0,1.0,0.0
zio,zio,0.7295011,1.0,0.0,3.0,1.0,1.0,0.0,0.0,0.0,1.0,0.0
1298se,Contrail-Web,0.72949034,1.0,0.0,4.0,1.0,1.0,0.0,0.0,0.0,1.0,0.0
tendermint,kms,0.72949034,1.0,0.0,4.0,1.0,1.0,0.0,0.0,0.0,1.0,0.0
edgexfoundry,edgex-go,0.7294646,1.0,0.0,5.0,1.0,1.0,0.0,0.0,0.0,1.0,5.0
openzipkin,zipkin,0.7293068,1.0,0.0,21.0,1.0,1.0,0.0,0.0,0.0,1.0,0.0
ooni,explorer,0.7291752,1.0,0.0,26.0,1.0,1.0,0.0,0.0,0.0,1.0,26.0
galtspace,geesome-node,0.7291457,0.0,0.0,0.0,1.0,0.0,0.0,0.0,0.0,1.0,7.0
googleapis,gapic-generator,0.72911537,0.0,0.0,114.0,1.0,7.0,0.0,0.0,0.0,0.0,0.0
brotherlogic,cdprocessor,0.729086,0.0,0.0,0.0,1.0,0.0,0.0,0.0,0.0,1.0,27.0
ant-design,ant-design-pro,0.729086,0.0,0.0,0.0,0.0,0.0,0.0,0.0,0.0,3.0,27.0
sulix,omnispeak,0.7290183,0.0,0.0,123.0,1.0,7.0,0.0,0.0,0.0,0.0,0.0
Baystation12,Baystation12,0.72899705,1.0,0.0,27.0,1.0,1.0,0.0,0.0,0.0,1.0,82.0
open-power,op-build,0.7288783,1.0,1.0,0.0,1.0,3.0,0.0,0.0,0.0,1.0,0.0
greglongo6,github-slideshow,0.72868556,0.0,0.0,0.0,1.0,0.0,0.0,0.0,0.0,1.0,161.0
Display-Lab,knowledge-base,0.72861683,0.0,0.0,0.0,1.0,0.0,0.0,0.0,0.0,1.0,184.0
Azure,azure-sdk-for-go,0.7284543,0.0,3.0,66.0,2.0,0.0,0.0,0.0,0.0,0.0,0.0
CaiJingLong,flutter_page_indicator,0.72843456,0.0,0.0,0.0,1.0,0.0,0.0,0.0,0.0,1.0,245.0
altair-viz,altair,0.728144,0.0,0.0,204.0,1.0,7.0,0.0,0.0,0.0,0.0,0.0
emscripten-core,emscripten,0.7280871,0.0,0.0,38.0,1.0,0.0,0.0,0.0,0.0,1.0,224.0
microsoft,praxxis,0.7277778,8.0,0.0,0.0,1.0,0.0,0.0,0.0,0.0,2.0,0.0
emberjs,ember.js,0.72770226,1.0,0.0,461.0,1.0,2.0,0.0,0.0,0.0,1.0,0.0
googleapis,nodejs-storage,0.7275523,1.0,0.0,0.0,1.0,1.0,0.0,0.0,0.0,1.0,663.0
ange-yaghi,manta-ray,0.7274006,0.0,0.0,0.0,1.0,0.0,0.0,0.0,0.0,1.0,591.0
SFDigitalServices,sfgov,0.72687876,0.0,1.0,14.0,1.0,0.0,1.0,0.0,1.0,0.0,0.0
parse-community,parse-dashboard,0.7268558,0.0,0.0,32.0,1.0,6.0,0.0,0.0,0.0,0.0,0.0
ajsya,ajsya.github.io,0.72638893,1.0,0.0,0.0,1.0,0.0,0.0,0.0,0.0,1.0,0.0
openmsupply,mobile,0.72638893,1.0,0.0,0.0,1.0,0.0,0.0,0.0,0.0,1.0,0.0
smeighan,xLights,0.72638893,1.0,0.0,0.0,1.0,0.0,0.0,0.0,0.0,1.0,0.0
terascope,teraslice,0.72638893,1.0,0.0,0.0,1.0,0.0,0.0,0.0,0.0,1.0,0.0
IBM,TSML.jl,0.72638893,1.0,0.0,0.0,1.0,0.0,0.0,0.0,0.0,1.0,0.0
bnelson1324,RasPG,0.72638893,1.0,0.0,0.0,1.0,0.0,0.0,0.0,0.0,1.0,0.0
adobe,helix-log,0.72638893,1.0,0.0,0.0,1.0,0.0,0.0,0.0,0.0,1.0,0.0
relipasoft,religram-api,0.72638893,1.0,0.0,0.0,1.0,0.0,0.0,0.0,0.0,1.0,0.0
cennznet,eighteenPlusApp,0.72638893,1.0,0.0,0.0,1.0,0.0,0.0,0.0,0.0,1.0,0.0
nature-of-code,noc-book-2,0.72638893,1.0,0.0,0.0,1.0,0.0,0.0,0.0,0.0,1.0,0.0
tambosi,video-maker,0.72638893,1.0,0.0,0.0,1.0,0.0,0.0,0.0,0.0,1.0,0.0
sedatmertk,innersource,0.72638893,1.0,0.0,0.0,1.0,0.0,0.0,0.0,0.0,1.0,0.0
brotherlogic,recordgetter,0.72638893,1.0,0.0,0.0,1.0,0.0,0.0,0.0,0.0,1.0,0.0
GunnerLab,Stable-MCCE,0.72638893,1.0,0.0,0.0,1.0,0.0,0.0,0.0,0.0,1.0,0.0
m-iris,security-on-github,0.72638893,1.0,0.0,0.0,1.0,0.0,0.0,0.0,0.0,1.0,0.0
JakeAdmire,personal-website,0.72638893,1.0,0.0,0.0,1.0,0.0,0.0,0.0,0.0,1.0,0.0
lucasromagnoli,meetapp,0.72638893,1.0,0.0,0.0,1.0,0.0,0.0,0.0,0.0,1.0,0.0
rundeck,rundeck,0.72638893,1.0,0.0,0.0,1.0,0.0,0.0,0.0,0.0,1.0,0.0
izaiasmachado,yt-subs-count,0.72638893,1.0,0.0,0.0,1.0,0.0,0.0,0.0,0.0,1.0,0.0
jpadilla,telegram-gate,0.7263781,1.0,0.0,1.0,1.0,0.0,0.0,0.0,0.0,1.0,0.0
metabase,metabase,0.7263781,1.0,0.0,1.0,1.0,0.0,0.0,0.0,0.0,1.0,0.0
ITensor,ITensors.jl,0.726374,1.0,0.0,0.0,1.0,0.0,0.0,0.0,0.0,1.0,5.0
silverstripe,silverstripe-framework,0.7263673,1.0,0.0,2.0,1.0,0.0,0.0,0.0,0.0,1.0,0.0
AbhayChandel,WarehouseManagementSystem,0.726359,1.0,0.0,0.0,1.0,0.0,0.0,0.0,0.0,1.0,10.0
kovidgoyal,kitty,0.72634566,1.0,0.0,4.0,1.0,0.0,0.0,0.0,0.0,1.0,0.0
OData,WebApi,0.72632414,1.0,0.0,6.0,1.0,0.0,0.0,0.0,0.0,1.0,0.0
brotherlogic,recordcollection,0.7263022,1.0,0.0,0.0,1.0,0.0,0.0,0.0,0.0,1.0,29.0
socialkorp,Clinicamaissaude,0.7262843,1.0,0.0,0.0,1.0,0.0,0.0,0.0,0.0,1.0,35.0
vnpy,vnpy,0.7262378,1.0,0.0,14.0,1.0,0.0,0.0,0.0,0.0,1.0,0.0
justindesrosiers,imd_radio_car,0.7262269,1.0,0.0,15.0,1.0,0.0,0.0,0.0,0.0,1.0,0.0
buildkite,docs,0.7261946,1.0,0.0,18.0,1.0,0.0,0.0,0.0,0.0,1.0,0.0
tamuhack-org,Ouroboros,0.7261406,1.0,0.0,23.0,1.0,0.0,0.0,0.0,0.0,1.0,0.0
McCLIM,McCLIM,0.72611105,0.0,0.0,101.0,1.0,6.0,0.0,0.0,0.0,0.0,0.0
mozilla-mobile,fenix,0.7258942,1.0,0.0,45.0,1.0,0.0,0.0,0.0,0.0,1.0,3.0
PatienceD,Bike-Repair,0.7258898,1.0,0.0,0.0,1.0,0.0,0.0,0.0,0.0,1.0,167.0
pedromtelho,QuataBanking,0.7257285,1.0,0.0,0.0,1.0,0.0,0.0,0.0,0.0,1.0,221.0
traPtitech,booQ,0.72553074,1.0,0.0,46.0,1.0,0.0,0.0,0.0,0.0,1.0,121.0
wnsgkqkr,CommonForLazybones,0.7252473,1.0,0.0,0.0,1.0,0.0,0.0,0.0,0.0,1.0,382.0
AugurProject,augur,0.725213,0.0,0.0,72.0,1.0,0.0,0.0,0.0,0.0,1.0,1063.0
vareal-vietnam,online-exam,0.72489935,1.0,0.0,138.0,1.0,0.0,0.0,0.0,0.0,1.0,0.0
personium,app-cc-home,0.724784,3.0,2.0,186.0,1.0,0.0,0.0,0.0,0.0,2.0,330.0
enigma-dev,enigma-dev,0.72475433,0.0,1.0,166.0,1.0,8.0,0.0,0.0,0.0,0.0,0.0
mikeqoo1,golang_school,0.72468555,1.0,0.0,0.0,1.0,0.0,0.0,0.0,0.0,1.0,570.0
OnetapInc,locked-rails-web-sample,0.7246511,1.0,0.0,161.0,1.0,0.0,0.0,0.0,0.0,1.0,0.0
alibaba,nacos,0.7243972,0.0,0.0,420.0,1.0,0.0,0.0,0.0,0.0,1.0,79.0
jenkins-x,jenkins-x-builders,0.7242984,0.0,0.0,0.0,1.0,1.0,0.0,1.0,0.0,0.0,0.0
hfreire,modern-logger,0.7242984,0.0,0.0,0.0,1.0,1.0,0.0,1.0,0.0,0.0,0.0
evalphobia,aws-sdk-go-wrapper,0.7242984,0.0,0.0,0.0,1.0,1.0,0.0,1.0,0.0,0.0,0.0
vtex-apps,docs-ui,0.72423375,0.0,0.0,6.0,1.0,1.0,0.0,1.0,0.0,0.0,0.0
adobe,generator-tsx,0.72422355,0.0,0.0,5.0,1.0,1.0,0.0,1.0,0.0,0.0,7.0
calibreapp,image-actions,0.72417974,0.0,0.0,11.0,1.0,1.0,0.0,1.0,0.0,0.0,0.0
thepirat000,CachingFramework.Redis,0.72413653,0.0,0.0,15.0,1.0,1.0,0.0,1.0,0.0,0.0,0.0
zulfilee,circle2,0.72405654,0.0,0.0,0.0,1.0,5.0,0.0,0.0,0.0,0.0,0.0
box,box-ui-elements,0.7240503,0.0,0.0,23.0,1.0,1.0,0.0,1.0,0.0,0.0,0.0
trilinos,Trilinos,0.7240458,0.0,0.0,1.0,1.0,5.0,0.0,0.0,0.0,0.0,0.0
minetest,minetest_game,0.72386235,0.0,0.0,18.0,1.0,5.0,0.0,0.0,0.0,0.0,0.0
wheatevo,wiiu-vc-extractor,0.7236392,0.0,0.0,1.0,1.0,1.0,0.0,1.0,0.0,0.0,217.0
KBonnicksen,eCommerce,0.7236111,2.0,0.0,0.0,1.0,0.0,0.0,0.0,0.0,1.0,0.0
iqlusioninc,abscissa,0.7236111,2.0,0.0,0.0,1.0,0.0,0.0,0.0,0.0,1.0,0.0
kathleenkalugdan,personal-blog,0.7236111,2.0,0.0,0.0,1.0,0.0,0.0,0.0,0.0,1.0,0.0
kirksc1,sagacious,0.7236111,2.0,0.0,0.0,1.0,0.0,0.0,0.0,0.0,1.0,0.0
GregStephen,poop-scoop,0.7236111,2.0,0.0,0.0,1.0,0.0,0.0,0.0,0.0,1.0,0.0
apache,incubator-datasketches-memory,0.72354925,0.0,0.0,47.0,1.0,5.0,0.0,0.0,0.0,0.0,0.0
sicontest,autod,0.72354233,2.0,0.0,0.0,1.0,0.0,0.0,0.0,0.0,1.0,23.0
dshoreman,servidor,0.72353506,2.0,0.0,4.0,1.0,0.0,0.0,0.0,0.0,1.0,11.0
pingcap,dm,0.72327554,0.0,1.0,303.0,1.0,8.0,0.0,0.0,0.0,0.0,0.0
serviejs,servie,0.72317606,0.0,0.0,1.0,1.0,1.0,0.0,1.0,0.0,0.0,372.0
biopython,biopython,0.72317153,0.0,0.0,82.0,1.0,5.0,0.0,0.0,0.0,0.0,0.0
StellarCN,py-stellar-base,0.7226134,0.0,0.0,0.0,1.0,0.0,0.0,0.0,0.0,1.0,2193.0
kinvolk,lokomotive-kubernetes,0.7218763,0.0,0.0,202.0,1.0,5.0,0.0,0.0,0.0,0.0,0.0
James-Yu,LaTeX-Workshop,0.72180283,1.0,1.0,0.0,0.0,14.0,0.0,0.0,0.0,1.0,0.0
k14s,ytt,0.7216495,0.0,0.0,223.0,1.0,5.0,0.0,0.0,0.0,0.0,0.0
chainer,onnx-chainer,0.72161585,0.0,0.0,11.0,1.0,1.0,0.0,1.0,0.0,0.0,858.0
rendez-vous-swift,ios-rendezvous,0.7216064,0.0,0.0,227.0,1.0,5.0,0.0,0.0,0.0,0.0,0.0
carbon-design-system,carbon,0.72130173,0.0,2.0,16.0,1.0,2.0,0.0,0.0,0.0,1.0,31.0
hfreire,watch-rtp-play,0.7211539,0.0,0.0,0.0,1.0,0.0,0.0,1.0,0.0,0.0,0.0
ultimatesource,mutk,0.7211539,0.0,0.0,0.0,1.0,0.0,0.0,1.0,0.0,0.0,0.0
Coffee-fueled-deadlines,osrs-hiscores,0.7211539,0.0,0.0,0.0,1.0,0.0,0.0,1.0,0.0,0.0,0.0
thepudds,fzgo,0.7211539,0.0,0.0,0.0,1.0,0.0,0.0,1.0,0.0,0.0,0.0
BojanOnTheInternet,7Cav_FullSpectrum_V4.sara,0.7211539,0.0,0.0,0.0,1.0,0.0,0.0,1.0,0.0,0.0,0.0
BojanOnTheInternet,7Cav_FullSpectrum_V4.Takistan,0.7211539,0.0,0.0,0.0,1.0,0.0,0.0,1.0,0.0,0.0,0.0
modil-io,jsutils,0.7211539,0.0,0.0,0.0,1.0,0.0,0.0,1.0,0.0,0.0,0.0
delphix,zfs-builder,0.7211539,0.0,0.0,0.0,1.0,0.0,0.0,1.0,0.0,0.0,0.0
BojanOnTheInternet,7Cav_FullSpectrum_V4.ruha,0.7211539,0.0,0.0,0.0,1.0,0.0,0.0,1.0,0.0,0.0,0.0
ScottBrenner,aws-cdk-action,0.7211539,0.0,0.0,0.0,1.0,0.0,0.0,1.0,0.0,0.0,0.0
evalphobia,google-api-go-wrapper,0.7211539,0.0,0.0,0.0,1.0,0.0,0.0,1.0,0.0,0.0,0.0
blackflux,robo-config-plugin,0.7211539,0.0,0.0,0.0,1.0,0.0,0.0,1.0,0.0,0.0,0.0
xwtec,eslint-config-legacy,0.7211539,0.0,0.0,0.0,1.0,0.0,0.0,1.0,0.0,0.0,0.0
xwtec,eslint-config-vue,0.7211539,0.0,0.0,0.0,1.0,0.0,0.0,1.0,0.0,0.0,0.0
BojanOnTheInternet,7Cav_FullSpectrum_V4.tem_anizay,0.7211539,0.0,0.0,0.0,1.0,0.0,0.0,1.0,0.0,0.0,0.0
WesleyWilkes,algorithms,0.7211539,0.0,0.0,0.0,1.0,0.0,0.0,1.0,0.0,0.0,0.0
Mikeprod,FriendGroups,0.7211539,0.0,0.0,0.0,1.0,0.0,0.0,1.0,0.0,0.0,0.0
vanvalenlab,kiosk-frontend,0.7211539,0.0,0.0,0.0,1.0,0.0,0.0,1.0,0.0,0.0,0.0
zishone,mongover,0.7211539,0.0,0.0,0.0,1.0,0.0,0.0,1.0,0.0,0.0,0.0
JarvusInnovations,emergence-skeleton,0.7211539,0.0,0.0,0.0,1.0,0.0,0.0,1.0,0.0,0.0,0.0
JarvusInnovations,hologit,0.7211539,0.0,0.0,0.0,1.0,0.0,0.0,1.0,0.0,0.0,0.0
ImCoolYeah105,Datapack-Utilities,0.7211539,0.0,0.0,0.0,1.0,0.0,0.0,1.0,0.0,0.0,0.0
qantasairways,runway,0.7211539,0.0,0.0,0.0,1.0,0.0,0.0,1.0,0.0,0.0,0.0
BojanOnTheInternet,7Cav_FullSpectrum_V4.WL_Rosche,0.7211539,0.0,0.0,0.0,1.0,0.0,0.0,1.0,0.0,0.0,0.0
VictorGarciaGtz,demo-12,0.7211539,0.0,0.0,0.0,1.0,0.0,0.0,1.0,0.0,0.0,0.0
Lyfevest,lyfevestio-api,0.7211539,0.0,0.0,0.0,1.0,0.0,0.0,1.0,0.0,0.0,0.0
fsilveir,go-custom-exporter,0.7211539,0.0,0.0,0.0,1.0,0.0,0.0,1.0,0.0,0.0,0.0
paulmarkcastillo,pmc-android-toolbox,0.7211539,0.0,0.0,0.0,1.0,0.0,0.0,1.0,0.0,0.0,0.0
iamxayiem,KPD_2042,0.7211539,0.0,0.0,0.0,1.0,0.0,0.0,1.0,0.0,0.0,0.0
7Cav,7Cav_FullSpectrum_V4.Altis,0.7211539,0.0,0.0,0.0,1.0,0.0,0.0,1.0,0.0,0.0,0.0
hfreire,my-flic-hub,0.7211539,0.0,0.0,0.0,1.0,0.0,0.0,1.0,0.0,0.0,0.0
avrae,avrae,0.7211539,0.0,0.0,0.0,1.0,0.0,0.0,1.0,0.0,0.0,0.0
hfreire,make-porto-win-european-best-destination-2017,0.7211539,0.0,0.0,0.0,1.0,0.0,0.0,1.0,0.0,0.0,0.0
blocktree,go-openw-cli,0.7211539,0.0,0.0,0.0,1.0,0.0,0.0,1.0,0.0,0.0,0.0
7Cav,7Cav_FullSpectrum_V4.Tanoa,0.7211539,0.0,0.0,0.0,1.0,0.0,0.0,1.0,0.0,0.0,0.0
slaclab,l2MpsLN,0.7211539,0.0,0.0,0.0,1.0,0.0,0.0,1.0,0.0,0.0,0.0
nervosnetwork,neuron,0.7211539,0.0,0.0,0.0,1.0,0.0,0.0,1.0,0.0,0.0,0.0
personium,personium-core,0.7211539,0.0,0.0,0.0,1.0,0.0,0.0,1.0,0.0,0.0,0.0
rosebe,v2ray-SiteDAT,0.7211539,0.0,0.0,0.0,1.0,0.0,0.0,1.0,0.0,0.0,0.0
hfreire,browser-as-a-service,0.7211539,0.0,0.0,0.0,1.0,0.0,0.0,1.0,0.0,0.0,0.0
JulianSchoenbaechler,JulesGravTemplate,0.7211539,0.0,0.0,0.0,1.0,0.0,0.0,1.0,0.0,0.0,0.0
biscuut,SkyblockAddons,0.7211539,0.0,0.0,0.0,1.0,0.0,0.0,1.0,0.0,0.0,0.0
fhunleth,muontrap,0.7211539,0.0,0.0,0.0,1.0,0.0,0.0,1.0,0.0,0.0,0.0
SunSpecOrangeButton,solar-taxonomy,0.7211539,0.0,0.0,0.0,1.0,0.0,0.0,1.0,0.0,0.0,0.0
launchdarkly,dotnet-sdk-common,0.7211539,0.0,0.0,0.0,1.0,0.0,0.0,1.0,0.0,0.0,0.0
xwtec,eslint-config,0.7211539,0.0,0.0,0.0,1.0,0.0,0.0,1.0,0.0,0.0,0.0
jenkins-x-charts,environment-controller,0.7211539,0.0,0.0,0.0,1.0,0.0,0.0,1.0,0.0,0.0,0.0
kabanero-io,kabanero-website,0.72114784,0.0,0.0,0.0,1.0,0.0,0.0,1.0,0.0,0.0,2.0
pfnet,optuna,0.72114307,0.0,0.0,1.0,1.0,0.0,0.0,1.0,0.0,0.0,0.0
deislabs,cnabjs,0.72114307,0.0,0.0,1.0,1.0,0.0,0.0,1.0,0.0,0.0,0.0
slac-epics-modules,l2MpsAsyn,0.72112143,0.0,0.0,3.0,1.0,0.0,0.0,1.0,0.0,0.0,0.0
AzureAD,microsoft-authentication-library-for-objc,0.72112143,0.0,0.0,3.0,1.0,0.0,0.0,1.0,0.0,0.0,0.0
ophrescue,RescueRails,0.72112066,0.0,0.0,272.0,1.0,5.0,0.0,0.0,0.0,0.0,0.0
slaclab,pysmurf,0.7211179,0.0,0.0,0.0,1.0,0.0,0.0,1.0,0.0,0.0,12.0
sorabito,elasticsearch-smalltalk,0.72111064,0.0,0.0,4.0,1.0,0.0,0.0,1.0,0.0,0.0,0.0
apache,incubator-openwhisk-cli,0.72109985,0.0,0.0,5.0,1.0,0.0,0.0,1.0,0.0,0.0,0.0
decentraland,explorer,0.7210891,0.0,0.0,6.0,1.0,0.0,0.0,1.0,0.0,0.0,0.0
twreporter,twreporter-npm-packages,0.7210675,0.0,0.0,8.0,1.0,0.0,0.0,1.0,0.0,0.0,0.0
leamasuero,simplecms,0.7210642,0.0,0.0,0.0,1.0,0.0,0.0,1.0,0.0,0.0,30.0
adobe,helix-logging,0.7210567,0.0,0.0,9.0,1.0,0.0,0.0,1.0,0.0,0.0,0.0
elastos,Elastos.ELA,0.72104585,0.0,0.0,10.0,1.0,0.0,0.0,1.0,0.0,0.0,0.0
softwareventures,webpack-config,0.72102433,0.0,0.0,12.0,1.0,0.0,0.0,1.0,0.0,0.0,0.0
weibreeze,breeze-go,0.72101355,0.0,0.0,13.0,1.0,0.0,0.0,1.0,0.0,0.0,0.0
blackflux,eslint-plugin-rules,0.7209984,0.0,0.0,0.0,1.0,0.0,0.0,1.0,0.0,0.0,52.0
line,line-sdk-ios-swift,0.72098106,0.0,0.0,16.0,1.0,0.0,0.0,1.0,0.0,0.0,0.0
jupiterandthegiraffe,website,0.7209596,0.0,0.0,18.0,1.0,0.0,0.0,1.0,0.0,0.0,0.0
googleapis,google-auth-library-nodejs,0.7209119,0.0,0.0,0.0,1.0,4.0,0.0,0.0,0.0,0.0,0.0
commaai,openpilot,0.7209012,0.0,0.0,1.0,1.0,4.0,0.0,0.0,0.0,0.0,0.0
gookit,rux,0.7208948,0.0,0.0,24.0,1.0,0.0,0.0,1.0,0.0,0.0,0.0
kubeflow,manifests,0.7208795,0.0,0.0,3.0,1.0,4.0,0.0,0.0,0.0,0.0,0.0
neuronlabs,errors,0.720867,0.0,0.0,0.0,1.0,0.0,0.0,1.0,0.0,0.0,96.0
alisw,AliPhysics,0.7208579,0.0,0.0,5.0,1.0,4.0,0.0,0.0,0.0,0.0,0.0
svalinn,ALARA,0.7208579,0.0,0.0,5.0,1.0,4.0,0.0,0.0,0.0,0.0,0.0
PaddlePaddle,models,0.72083324,3.0,0.0,0.0,0.0,0.0,0.0,0.0,0.0,3.0,0.0
dolanmiu,docx,0.72083324,3.0,0.0,0.0,0.0,0.0,0.0,0.0,0.0,3.0,0.0
Pironj,Code-Meetup,0.72083324,3.0,0.0,0.0,1.0,0.0,0.0,0.0,0.0,1.0,0.0
boyz-ii-mern,BoysIIMERN,0.72083324,3.0,0.0,0.0,0.0,0.0,0.0,0.0,0.0,3.0,0.0
grafana,grafana,0.72083324,3.0,0.0,0.0,0.0,0.0,0.0,0.0,0.0,3.0,0.0
youzan,vant,0.72083324,3.0,0.0,0.0,0.0,0.0,0.0,0.0,0.0,3.0,0.0
mdn,sprints,0.72083324,3.0,0.0,0.0,0.0,0.0,0.0,0.0,0.0,3.0,0.0
ZyqGitHub1,h-player-v2,0.72083324,3.0,0.0,0.0,0.0,0.0,0.0,0.0,0.0,3.0,0.0
PMDShift,GFX,0.72081923,0.0,0.0,31.0,1.0,0.0,0.0,1.0,0.0,0.0,0.0
codetheweb,tuyapi,0.7207608,0.0,0.0,14.0,1.0,4.0,0.0,0.0,0.0,0.0,0.0
ssm-deepcove,discover_deep_cove,0.7207392,0.0,0.0,16.0,1.0,4.0,0.0,0.0,0.0,0.0,0.0
golang,go,0.7206779,3.0,0.0,0.0,0.0,0.0,0.0,0.0,0.0,3.0,52.0
gpii-ops,gpii-infra,0.7206421,0.0,0.0,25.0,1.0,4.0,0.0,0.0,0.0,0.0,0.0
mattermost,mattermost-helm,0.7204991,0.0,0.0,352.0,1.0,1.0,0.0,1.0,0.0,0.0,0.0
bovigo,vfsStream,0.72048724,0.0,0.0,23.0,1.0,0.0,0.0,1.0,0.0,0.0,140.0
OpenVisualCloud,Ad-Insertion-Sample,0.7204846,0.0,0.0,62.0,1.0,0.0,0.0,1.0,0.0,0.0,0.0
dmjio,miso,0.7204691,0.0,0.0,10.0,1.0,0.0,0.0,1.0,0.0,0.0,193.0
pingcap,docs-cn,0.7204262,0.0,0.0,45.0,1.0,4.0,0.0,0.0,0.0,0.0,0.0
jacktasia,dumb-jump,0.72026426,0.0,0.0,60.0,1.0,4.0,0.0,0.0,0.0,0.0,0.0
croquiscom,style-guide,0.72017795,0.0,0.0,68.0,1.0,4.0,0.0,0.0,0.0,0.0,0.0
vincentinttsh,TTSH-Openclass-System,0.7198809,0.0,0.0,0.0,1.0,0.0,0.0,1.0,0.0,0.0,426.0
jenkins-infra,jenkins.io,0.7196167,0.0,0.0,120.0,1.0,4.0,0.0,0.0,0.0,0.0,0.0
electron,hubdown,0.7195564,0.0,0.0,148.0,1.0,0.0,0.0,1.0,0.0,0.0,0.0
frankclong,Messenger-Analyzer,0.71944445,1.0,1.0,0.0,1.0,0.0,0.0,0.0,0.0,1.0,0.0
sacloud,libsacloud,0.71944445,1.0,1.0,0.0,1.0,0.0,0.0,0.0,0.0,1.0,0.0
dotnet,dotnet-api-docs,0.71942276,1.0,1.0,2.0,1.0,0.0,0.0,0.0,0.0,1.0,0.0
argoproj,argo-cd,0.7191112,1.0,1.0,39.0,1.0,1.0,0.0,0.0,0.0,1.0,1023.0
SlateFoundation,slate,0.7189519,0.0,0.0,204.0,1.0,0.0,0.0,1.0,0.0,0.0,0.0
sacloud,sakuracloud_exporter,0.7189263,1.0,1.0,48.0,1.0,0.0,0.0,0.0,0.0,1.0,0.0
hyperledger,education-sawtooth-simple-supply,0.71882874,0.0,0.0,193.0,1.0,4.0,0.0,0.0,0.0,0.0,0.0
OI-wiki,OI-wiki,0.71869427,1.0,1.0,36.0,1.0,0.0,0.0,0.0,0.0,1.0,121.0
phpbits,block-options,0.7182675,1.0,1.0,70.0,1.0,0.0,0.0,0.0,0.0,1.0,141.0
wilsonlab,xcrust,0.71805555,4.0,0.0,0.0,1.0,0.0,0.0,0.0,0.0,1.0,0.0
ai-starthon,AI_Starthon2019,0.7180496,4.0,0.0,0.0,0.0,0.0,0.0,0.0,0.0,3.0,2.0
justintuduong,ItSnowOrNever,0.71794873,0.0,0.0,0.0,0.0,0.0,2.0,0.0,2.0,0.0,0.0
patrikx3,onenote,0.71794873,0.0,0.0,0.0,0.0,0.0,0.0,4.0,0.0,0.0,0.0
Murali-group,Beeline,0.71794873,0.0,0.0,0.0,0.0,0.0,2.0,0.0,2.0,0.0,0.0
factor,factor,0.71794873,0.0,0.0,0.0,0.0,0.0,2.0,0.0,2.0,0.0,0.0
RJRowland93,this-is-for-fun,0.71794873,0.0,0.0,0.0,0.0,0.0,2.0,0.0,2.0,0.0,0.0
siggetest,githubtest,0.71794873,0.0,0.0,0.0,0.0,0.0,2.0,0.0,2.0,0.0,0.0
briochemc,F1Method.jl,0.71794873,0.0,0.0,0.0,0.0,0.0,1.0,1.0,2.0,0.0,0.0
flcdrg,au-packages,0.71794873,0.0,0.0,0.0,0.0,0.0,0.0,4.0,0.0,0.0,0.0
moneymanagerex,moneymanagerex,0.71794873,0.0,0.0,0.0,0.0,0.0,0.0,4.0,0.0,0.0,0.0
steevenz,id-payroll-calculator,0.71794873,0.0,0.0,0.0,0.0,0.0,0.0,4.0,0.0,0.0,0.0
JuliaString,StrRegex.jl,0.71794873,0.0,0.0,0.0,0.0,0.0,1.0,1.0,2.0,0.0,0.0
briochemc,AIBECS.jl,0.71794873,0.0,0.0,0.0,0.0,0.0,1.0,1.0,2.0,0.0,0.0
babangsund,babangsund.com,0.71794873,0.0,0.0,0.0,0.0,0.0,2.0,0.0,2.0,0.0,0.0
DJScias,Discord-Datamining,0.71794873,0.0,0.0,0.0,0.0,0.0,2.0,0.0,2.0,0.0,0.0
jmarrec,EnergyPlus,0.71794873,0.0,0.0,0.0,0.0,0.0,1.0,0.0,3.0,0.0,0.0
ultimate-research,archive-hashes,0.71794873,0.0,0.0,0.0,0.0,0.0,2.0,0.0,2.0,0.0,0.0
vgteam,vg,0.71794873,0.0,0.0,0.0,0.0,0.0,2.0,0.0,2.0,0.0,0.0
hmmChase,scratch,0.71794873,0.0,0.0,0.0,0.0,0.0,2.0,0.0,2.0,0.0,0.0
ndierckx,NOVOPlasty,0.71794873,0.0,0.0,0.0,0.0,0.0,1.0,0.0,3.0,0.0,0.0
guillaumegaluz,cinecitta-nextjs,0.71794873,0.0,0.0,0.0,0.0,0.0,2.0,0.0,2.0,0.0,0.0
JamesWalkerrrr,gcr_io_repository,0.71794873,0.0,0.0,0.0,0.0,0.0,2.0,0.0,2.0,0.0,0.0
rapidsai,cudf,0.7178997,0.0,1.0,724.0,1.0,10.0,0.0,0.0,0.0,0.0,2383.0
MiEcosystem,miot-plugin-sdk,0.71789885,3.0,0.0,0.0,0.0,0.0,0.0,0.0,0.0,3.0,982.0
loki-project,loki-messenger,0.71787924,1.0,1.0,145.0,1.0,0.0,0.0,0.0,0.0,1.0,0.0
DISTRHO,DPF,0.717724,0.0,0.0,4.0,1.0,3.0,0.0,0.0,0.0,0.0,0.0
openshift,installer,0.717724,0.0,0.0,4.0,1.0,3.0,0.0,0.0,0.0,0.0,0.0
pathikrit,dijon,0.71771324,0.0,0.0,5.0,1.0,3.0,0.0,0.0,0.0,0.0,0.0
netlify,netlify-lambda,0.71771324,0.0,0.0,5.0,1.0,3.0,0.0,0.0,0.0,0.0,0.0
omegaup,omegaup,0.71768457,0.0,0.0,6.0,1.0,3.0,0.0,0.0,0.0,0.0,6.0
amclin,videojs-scene7,0.71768093,0.0,0.0,8.0,1.0,3.0,0.0,0.0,0.0,0.0,0.0
FISCO-BCOS,python-sdk,0.7176701,0.0,0.0,9.0,1.0,3.0,0.0,0.0,0.0,0.0,0.0
census-instrumentation,opencensus-java,0.7176593,0.0,0.0,10.0,1.0,3.0,0.0,0.0,0.0,0.0,0.0
servicemesher,website,0.7176593,0.0,0.0,10.0,1.0,3.0,0.0,0.0,0.0,0.0,0.0
pmodels,mpich,0.717573,0.0,0.0,18.0,1.0,3.0,0.0,0.0,0.0,0.0,0.0
t1gerk1ngd0m,taskel,0.71756214,0.0,0.0,19.0,1.0,3.0,0.0,0.0,0.0,0.0,0.0
caicloud,ciao,0.7175605,0.0,0.0,15.0,1.0,3.0,0.0,0.0,0.0,0.0,15.0
apache,incubator-iceberg,0.7174974,0.0,0.0,25.0,1.0,3.0,0.0,0.0,0.0,0.0,0.0
jupyterlab,pull-requests,0.7174759,0.0,0.0,27.0,1.0,3.0,0.0,0.0,0.0,0.0,0.0
Cyan4973,xxHash,0.7173678,0.0,0.0,37.0,1.0,3.0,0.0,0.0,0.0,0.0,0.0
keymanapp,keyman,0.7172816,0.0,0.0,45.0,1.0,3.0,0.0,0.0,0.0,0.0,0.0
camenergydatalab,EnergyDataSimulationChallenge,0.7172384,0.0,0.0,49.0,1.0,3.0,0.0,0.0,0.0,0.0,0.0
red-hat-storage,ocs-ci,0.7172276,0.0,0.0,50.0,1.0,3.0,0.0,0.0,0.0,0.0,0.0
espnet,espnet,0.71720296,0.0,1.0,14.0,1.0,1.0,0.0,1.0,0.0,0.0,0.0
department-of-veterans-affairs,vets-api,0.71719515,0.0,0.0,53.0,1.0,3.0,0.0,0.0,0.0,0.0,0.0
mattermost,mattermost-plugin-jira,0.71711963,0.0,0.0,60.0,1.0,3.0,0.0,0.0,0.0,0.0,0.0
FreshPrice,Fresh,0.7166015,0.0,0.0,108.0,1.0,3.0,0.0,0.0,0.0,0.0,0.0
greenplum-db,gpdb,0.71636736,0.0,1.0,69.0,1.0,5.0,0.0,0.0,0.0,0.0,0.0
knative,serving,0.716281,0.0,1.0,77.0,1.0,5.0,0.0,0.0,0.0,0.0,0.0
wikimedia,editquality,0.7161805,0.0,0.0,147.0,1.0,3.0,0.0,0.0,0.0,0.0,0.0
wordpress-mobile,WordPress-Android,0.7160889,0.0,0.0,153.0,1.0,3.0,0.0,0.0,0.0,0.0,9.0
GoogleCloudPlatform,cloud-run-events,0.71564466,1.0,2.0,0.0,1.0,1.0,0.0,0.0,0.0,1.0,0.0
michaeldegroot,cats-blender-plugin,0.7153985,0.0,0.0,0.0,1.0,0.0,0.0,1.0,0.0,0.0,1926.0
future-architect,gbilling-plot,0.7152778,5.0,0.0,0.0,1.0,0.0,0.0,0.0,0.0,1.0,0.0
qjia7,tfjs-webgl2compute,0.71527755,0.0,0.0,522.0,1.0,4.0,0.0,0.0,0.0,0.0,0.0
istanbuljs,nyc,0.71516603,0.0,0.0,241.0,1.0,3.0,0.0,0.0,0.0,0.0,0.0
SE-Garden,tms-management,0.71499556,0.0,0.0,789.0,1.0,7.0,0.0,0.0,0.0,0.0,2287.0
Baystation12,custom-items,0.71498245,0.0,0.0,258.0,1.0,3.0,0.0,0.0,0.0,0.0,0.0
googleapis,nodejs-logging-winston,0.7146226,0.0,0.0,0.0,1.0,2.0,0.0,0.0,0.0,0.0,0.0
googleapis,gce-images,0.7146226,0.0,0.0,0.0,1.0,2.0,0.0,0.0,0.0,0.0,0.0
hcsp,deep-copy,0.7146226,0.0,0.0,0.0,1.0,2.0,0.0,0.0,0.0,0.0,0.0
teambit,bit,0.7146143,0.0,0.0,10.0,1.0,3.0,0.0,0.0,0.0,0.0,1019.0
hcsp,practise-template-method-pattern,0.7146118,0.0,0.0,1.0,1.0,2.0,0.0,0.0,0.0,0.0,0.0
Adobe-Consulting-Services,acs-aem-commons,0.7146118,0.0,0.0,1.0,1.0,2.0,0.0,0.0,0.0,0.0,0.0
googleapis,nodejs-firestore,0.714601,0.0,0.0,2.0,1.0,2.0,0.0,0.0,0.0,0.0,0.0
googleapis,nodejs-pubsub,0.714601,0.0,0.0,2.0,1.0,2.0,0.0,0.0,0.0,0.0,0.0
googleapis,nodejs-language,0.714601,0.0,0.0,2.0,1.0,2.0,0.0,0.0,0.0,0.0,0.0
googleapis,nodejs-scheduler,0.714601,0.0,0.0,2.0,1.0,2.0,0.0,0.0,0.0,0.0,0.0
googleapis,nodejs-security-center,0.714601,0.0,0.0,2.0,1.0,2.0,0.0,0.0,0.0,0.0,0.0
htmlacademy-adaptive,319191-pink-17,0.714601,0.0,0.0,2.0,1.0,2.0,0.0,0.0,0.0,0.0,0.0
RoaringBitmap,RoaringBitmap,0.71459395,0.0,0.0,1.0,1.0,2.0,0.0,0.0,0.0,0.0,6.0
longhorn,longhorn-manager,0.71459025,0.0,0.0,3.0,1.0,2.0,0.0,0.0,0.0,0.0,0.0
ryansolid,solid,0.71459025,0.0,0.0,3.0,1.0,2.0,0.0,0.0,0.0,0.0,0.0
appcelerator,titanium_mobile,0.71459025,0.0,0.0,3.0,1.0,2.0,0.0,0.0,0.0,0.0,0.0
opengeospatial,cdb-vector-gpkg-ie,0.71459025,0.0,0.0,3.0,1.0,2.0,0.0,0.0,0.0,0.0,0.0
yourbase,yb,0.7145687,0.0,0.0,5.0,1.0,2.0,0.0,0.0,0.0,0.0,0.0
KSP-SpaceDock,SpaceDock,0.7145687,0.0,0.0,5.0,1.0,2.0,0.0,0.0,0.0,0.0,0.0
openshift-metal3,dev-scripts,0.7145578,0.0,0.0,6.0,1.0,2.0,0.0,0.0,0.0,0.0,0.0
aspnet,websdk,0.7145255,0.0,0.0,9.0,1.0,2.0,0.0,0.0,0.0,0.0,0.0
wingscms,wings,0.71451473,0.0,0.0,10.0,1.0,2.0,0.0,0.0,0.0,0.0,0.0
RTradeLtd,rtns,0.7144931,0.0,0.0,12.0,1.0,2.0,0.0,0.0,0.0,0.0,0.0
htmlacademy-adaptive,11304-cat-energy-17,0.7144823,0.0,0.0,13.0,1.0,2.0,0.0,0.0,0.0,0.0,0.0
scality,cloudserver,0.71444994,0.0,0.0,16.0,1.0,2.0,0.0,0.0,0.0,0.0,0.0
MicrosoftDocs,mixed-reality,0.71443915,0.0,0.0,17.0,1.0,2.0,0.0,0.0,0.0,0.0,0.0
nmstate,nmstate,0.7144283,0.0,0.0,18.0,1.0,2.0,0.0,0.0,0.0,0.0,0.0
coreos,fedora-coreos-config,0.7144283,0.0,0.0,18.0,1.0,2.0,0.0,0.0,0.0,0.0,0.0
AlpacaDB,backlight,0.7144176,0.0,0.0,19.0,1.0,2.0,0.0,0.0,0.0,0.0,0.0
swoft-cloud,swoft,0.7144068,0.0,0.0,20.0,1.0,2.0,0.0,0.0,0.0,0.0,0.0
arvidn,libtorrent,0.7144068,0.0,0.0,20.0,1.0,2.0,0.0,0.0,0.0,0.0,0.0
alibaba,ice,0.7144068,0.0,0.0,20.0,1.0,2.0,0.0,0.0,0.0,0.0,0.0
mleonardo93,QuickFic,0.71437436,0.0,0.0,23.0,1.0,2.0,0.0,0.0,0.0,0.0,0.0
jupyterlab,jupyterlab-metadata-service,0.71433485,0.0,0.0,318.0,1.0,3.0,0.0,0.0,0.0,0.0,0.0
SpeckleOS,speckle-browser-extension,0.71429884,0.0,0.0,30.0,1.0,2.0,0.0,0.0,0.0,0.0,0.0
dlbeer,ufat,0.71428806,0.0,0.0,31.0,1.0,2.0,0.0,0.0,0.0,0.0,0.0
STEllAR-GROUP,hpx,0.71427727,0.0,0.0,32.0,1.0,2.0,0.0,0.0,0.0,0.0,0.0
ROCmSoftwarePlatform,tensorflow-upstream,0.71424484,0.0,0.0,35.0,1.0,2.0,0.0,0.0,0.0,0.0,0.0
aporeto-inc,trireme-lib,0.7142094,0.0,1.0,0.0,1.0,0.0,0.0,1.0,0.0,0.0,0.0
irisnet,explorer,0.7142094,0.0,1.0,0.0,1.0,0.0,0.0,1.0,0.0,0.0,0.0
treehouses,remote,0.7141818,0.0,1.0,2.0,1.0,0.0,0.0,1.0,0.0,0.0,2.0
apbendi,use-dai,0.7140398,0.0,0.0,54.0,1.0,2.0,0.0,0.0,0.0,0.0,0.0
airtasker,proxay,0.7140398,0.0,0.0,54.0,1.0,2.0,0.0,0.0,0.0,0.0,0.0
mattermost,mattermost-webapp,0.71402895,0.0,0.0,55.0,1.0,2.0,0.0,0.0,0.0,0.0,0.0
microsoft,azure-pipelines-tasks,0.7138889,3.0,1.0,0.0,0.0,0.0,0.0,0.0,0.0,3.0,0.0
chess-equality,Arthur,0.7138563,0.0,0.0,71.0,1.0,2.0,0.0,0.0,0.0,0.0,0.0
ReactionMechanismGenerator,RMG-Py,0.7136296,0.0,0.0,92.0,1.0,2.0,0.0,0.0,0.0,0.0,0.0
mne-tools,mne-cpp,0.7136296,0.0,0.0,92.0,1.0,2.0,0.0,0.0,0.0,0.0,0.0
erikrose,more-itertools,0.7135547,0.0,0.0,66.0,1.0,2.0,0.0,0.0,0.0,0.0,119.0
Abdur-rahmaanJ,cmdlaunch,0.7133704,0.0,0.0,5.0,1.0,2.0,0.0,0.0,0.0,0.0,401.0
GoogleCloudPlatform,click-to-deploy,0.71328425,0.0,0.0,124.0,1.0,2.0,0.0,0.0,0.0,0.0,0.0
OpenNMS,opennms,0.7132587,0.0,1.0,357.0,1.0,5.0,0.0,0.0,0.0,0.0,0.0
johno,gatsby-theme-documentation,0.713141,0.0,3.0,0.0,1.0,0.0,1.0,0.0,1.0,0.0,0.0
FasterXML,jackson-module-kotlin,0.71274453,0.0,0.0,174.0,1.0,2.0,0.0,0.0,0.0,0.0,0.0
srcclr,example-java-gradle,0.7123667,0.0,0.0,209.0,1.0,2.0,0.0,0.0,0.0,0.0,0.0
ofiwg,libfabric,0.7123309,0.0,0.0,795.0,1.0,4.0,0.0,0.0,0.0,0.0,0.0
SecureCodeWarrior,terraform-aws-vpc,0.71231276,0.0,0.0,214.0,1.0,2.0,0.0,0.0,0.0,0.0,0.0
betaflight,betaflight,0.711518,0.0,1.0,73.0,1.0,4.0,0.0,0.0,0.0,0.0,556.0
komapijs,komapi,0.711478,0.0,0.0,0.0,1.0,1.0,0.0,0.0,0.0,0.0,0.0
dragonflyoss,Dragonfly,0.711478,0.0,0.0,0.0,1.0,1.0,0.0,0.0,0.0,0.0,0.0
p3t5-sillysorcerers,Project3,0.711478,0.0,0.0,0.0,1.0,1.0,0.0,0.0,0.0,0.0,0.0
googleapis,nodejs-common,0.711478,0.0,0.0,0.0,1.0,1.0,0.0,0.0,0.0,0.0,0.0
googleapis,nodejs-resource,0.711478,0.0,0.0,0.0,1.0,1.0,0.0,0.0,0.0,0.0,0.0
googleapis,nodejs-logging-bunyan,0.711478,0.0,0.0,0.0,1.0,1.0,0.0,0.0,0.0,0.0,0.0
keenwon,koa-subdomain,0.711478,0.0,0.0,0.0,1.0,1.0,0.0,0.0,0.0,0.0,0.0
hcsp,is-leap-year,0.711478,0.0,0.0,0.0,1.0,1.0,0.0,0.0,0.0,0.0,0.0
archesproject,arches,0.711478,0.0,0.0,0.0,1.0,1.0,0.0,0.0,0.0,0.0,0.0
duke7553,files-uwp,0.711478,0.0,0.0,0.0,1.0,1.0,0.0,0.0,0.0,0.0,0.0
googleapis,google-cloud-kvstore,0.711478,0.0,0.0,0.0,1.0,1.0,0.0,0.0,0.0,0.0,0.0
projectcalico,calico,0.711478,0.0,0.0,0.0,1.0,1.0,0.0,0.0,0.0,0.0,0.0
hcsp,fix-simple-npe-of-uninitialized-field,0.711478,0.0,0.0,0.0,1.0,1.0,0.0,0.0,0.0,0.0,0.0
hcsp,create-constructor-and-initialize-fields,0.711478,0.0,0.0,0.0,1.0,1.0,0.0,0.0,0.0,0.0,0.0
hcsp,create-a-instance-method,0.711478,0.0,0.0,0.0,1.0,1.0,0.0,0.0,0.0,0.0,0.0
hcsp,create-overload-constructors,0.711478,0.0,0.0,0.0,1.0,1.0,0.0,0.0,0.0,0.0,0.0
marcobiedermann,marcobiedermann-v2,0.711478,0.0,0.0,0.0,1.0,1.0,0.0,0.0,0.0,0.0,0.0
googleapis,nodejs-firestore-session,0.711478,0.0,0.0,0.0,1.0,1.0,0.0,0.0,0.0,0.0,0.0
googleapis,nodejs-rcloadenv,0.711478,0.0,0.0,0.0,1.0,1.0,0.0,0.0,0.0,0.0,0.0
dotnet,docs.fr-fr,0.711478,0.0,0.0,0.0,1.0,1.0,0.0,0.0,0.0,0.0,0.0
kantord,emuto,0.711478,0.0,0.0,0.0,1.0,1.0,0.0,0.0,0.0,0.0,0.0
googleapis,nodejs-iot,0.711478,0.0,0.0,0.0,1.0,1.0,0.0,0.0,0.0,0.0,0.0
googleapis,cloud-profiler-nodejs,0.711478,0.0,0.0,0.0,1.0,1.0,0.0,0.0,0.0,0.0,0.0
googleapis,google-api-nodejs-client,0.711478,0.0,0.0,0.0,1.0,1.0,0.0,0.0,0.0,0.0,0.0
googleapis,google-p12-pem,0.711478,0.0,0.0,0.0,1.0,1.0,0.0,0.0,0.0,0.0,0.0
googleapis,nodejs-promisify,0.711478,0.0,0.0,0.0,1.0,1.0,0.0,0.0,0.0,0.0,0.0
googleapis,nodejs-paginator,0.711478,0.0,0.0,0.0,1.0,1.0,0.0,0.0,0.0,0.0,0.0
googleapis,nodejs-projectify,0.711478,0.0,0.0,0.0,1.0,1.0,0.0,0.0,0.0,0.0,0.0
googleapis,nodejs-proto-files,0.711478,0.0,0.0,0.0,1.0,1.0,0.0,0.0,0.0,0.0,0.0
googleapis,nodejs-datastore-session,0.711478,0.0,0.0,0.0,1.0,1.0,0.0,0.0,0.0,0.0,0.0
hcsp,fix-method-passing-reference,0.711478,0.0,0.0,0.0,1.0,1.0,0.0,0.0,0.0,0.0,0.0
hcsp,create-two-instances-instead-of-assignment,0.711478,0.0,0.0,0.0,1.0,1.0,0.0,0.0,0.0,0.0,0.0
hcsp,fix-simple-scope-issue,0.711478,0.0,0.0,0.0,1.0,1.0,0.0,0.0,0.0,0.0,0.0
build-week-random-acts,random-acts-frontend,0.711478,0.0,0.0,0.0,1.0,1.0,0.0,0.0,0.0,0.0,0.0
bcbi,PredictMDFull.jl,0.711478,0.0,0.0,0.0,1.0,1.0,0.0,0.0,0.0,0.0,0.0
greenleavesbyroot,greenleaves,0.711478,0.0,0.0,0.0,1.0,1.0,0.0,0.0,0.0,0.0,0.0
HippieStation,HippieStation,0.711478,0.0,0.0,0.0,1.0,1.0,0.0,0.0,0.0,0.0,0.0
thoth-station,thoth-station.github.io,0.711478,0.0,0.0,0.0,1.0,1.0,0.0,0.0,0.0,0.0,0.0
google,android-cuttlefish,0.711478,0.0,0.0,0.0,1.0,1.0,0.0,0.0,0.0,0.0,0.0
NoriSte,react-crypto-compare,0.71146715,0.0,0.0,1.0,1.0,1.0,0.0,0.0,0.0,0.0,0.0
liyasthomas,mnmlurl,0.71146715,0.0,0.0,1.0,1.0,1.0,0.0,0.0,0.0,0.0,0.0
appnexus,ankh,0.71146715,0.0,0.0,1.0,1.0,1.0,0.0,0.0,0.0,0.0,0.0
ajtorres9,marvin,0.71146715,0.0,0.0,1.0,1.0,1.0,0.0,0.0,0.0,0.0,0.0
googleforgames,open-match,0.71146715,0.0,0.0,1.0,1.0,1.0,0.0,0.0,0.0,0.0,0.0
googleapis,nodejs-tasks,0.71146715,0.0,0.0,1.0,1.0,1.0,0.0,0.0,0.0,0.0,0.0
liyasthomas,aeiou,0.71146715,0.0,0.0,1.0,1.0,1.0,0.0,0.0,0.0,0.0,0.0
kubernetes,org,0.71146715,0.0,0.0,1.0,1.0,1.0,0.0,0.0,0.0,0.0,0.0
keindev,tasktree,0.71146715,0.0,0.0,1.0,1.0,1.0,0.0,0.0,0.0,0.0,0.0
BanManagement,BanManager-WebUI,0.71146715,0.0,0.0,1.0,1.0,1.0,0.0,0.0,0.0,0.0,0.0
apigee,microgateway-config,0.71146715,0.0,0.0,1.0,1.0,1.0,0.0,0.0,0.0,0.0,0.0
svalinn,mcnp2cad,0.71146715,0.0,0.0,1.0,1.0,1.0,0.0,0.0,0.0,0.0,0.0
minio,mc,0.7114612,0.0,0.0,1.0,1.0,1.0,0.0,0.0,0.0,0.0,2.0
googleapis,nodejs-phishing-protection,0.71145636,0.0,0.0,2.0,1.0,1.0,0.0,0.0,0.0,0.0,0.0
googleapis,nodejs-irm,0.71145636,0.0,0.0,2.0,1.0,1.0,0.0,0.0,0.0,0.0,0.0
googleapis,nodejs-dataproc,0.71145636,0.0,0.0,2.0,1.0,1.0,0.0,0.0,0.0,0.0,0.0
hashicorp,sentinel-sdk,0.71145636,0.0,0.0,2.0,1.0,1.0,0.0,0.0,0.0,0.0,0.0
plotly,dash,0.71145636,0.0,0.0,2.0,1.0,1.0,0.0,0.0,0.0,0.0,0.0
googleapis,nodejs-datacatalog,0.71145636,0.0,0.0,2.0,1.0,1.0,0.0,0.0,0.0,0.0,0.0
googleapis,nodejs-automl,0.71145636,0.0,0.0,2.0,1.0,1.0,0.0,0.0,0.0,0.0,0.0
googleapis,nodejs-video-intelligence,0.71145636,0.0,0.0,2.0,1.0,1.0,0.0,0.0,0.0,0.0,0.0
googleapis,nodejs-speech,0.71145636,0.0,0.0,2.0,1.0,1.0,0.0,0.0,0.0,0.0,0.0
googleapis,nodejs-monitoring,0.71145636,0.0,0.0,2.0,1.0,1.0,0.0,0.0,0.0,0.0,0.0
googleapis,nodejs-asset,0.71145636,0.0,0.0,2.0,1.0,1.0,0.0,0.0,0.0,0.0,0.0
googleapis,nodejs-vision,0.71145636,0.0,0.0,2.0,1.0,1.0,0.0,0.0,0.0,0.0,0.0
googleapis,nodejs-bigquery-data-transfer,0.71145636,0.0,0.0,2.0,1.0,1.0,0.0,0.0,0.0,0.0,0.0
googleapis,nodejs-datalabeling,0.71145636,0.0,0.0,2.0,1.0,1.0,0.0,0.0,0.0,0.0,0.0
googleapis,nodejs-cloud-container,0.71145636,0.0,0.0,2.0,1.0,1.0,0.0,0.0,0.0,0.0,0.0
jeffboody,gearsvk,0.71145636,0.0,0.0,2.0,1.0,1.0,0.0,0.0,0.0,0.0,0.0
googleapis,nodejs-web-risk,0.71145636,0.0,0.0,2.0,1.0,1.0,0.0,0.0,0.0,0.0,0.0
googleapis,nodejs-recaptcha-enterprise,0.71145636,0.0,0.0,2.0,1.0,1.0,0.0,0.0,0.0,0.0,0.0
conda-forge,pyworkdir-feedstock,0.71145636,0.0,0.0,2.0,1.0,1.0,0.0,0.0,0.0,0.0,0.0
jamaljsr,cra-electron-ts,0.71145636,0.0,0.0,2.0,1.0,1.0,0.0,0.0,0.0,0.0,0.0
googleapis,nodejs-spanner,0.71145636,0.0,0.0,2.0,1.0,1.0,0.0,0.0,0.0,0.0,0.0
googleapis,nodejs-grafeas,0.71145636,0.0,0.0,2.0,1.0,1.0,0.0,0.0,0.0,0.0,0.0
apple,sourcekit-lsp,0.71145636,0.0,0.0,2.0,1.0,1.0,0.0,0.0,0.0,0.0,0.0
googleapis,nodejs-os-login,0.71145636,0.0,0.0,2.0,1.0,1.0,0.0,0.0,0.0,0.0,0.0
apple,swift-corelibs-foundation,0.71145636,0.0,0.0,2.0,1.0,1.0,0.0,0.0,0.0,0.0,0.0
googleapis,nodejs-text-to-speech,0.71145636,0.0,0.0,2.0,1.0,1.0,0.0,0.0,0.0,0.0,0.0
DagonMetric,ng-cache,0.7114456,0.0,0.0,3.0,1.0,1.0,0.0,0.0,0.0,0.0,0.0
zenefits,moto,0.7114456,0.0,0.0,3.0,1.0,1.0,0.0,0.0,0.0,0.0,0.0
DagonMetric,ng-log,0.7114456,0.0,0.0,3.0,1.0,1.0,0.0,0.0,0.0,0.0,0.0
microsoft,vscode-docs,0.7114456,0.0,0.0,3.0,1.0,1.0,0.0,0.0,0.0,0.0,0.0
IndianaJim,RestaurantWebApp1,0.7114456,0.0,0.0,3.0,1.0,1.0,0.0,0.0,0.0,0.0,0.0
stream-labs,streamlabs-obs,0.7114456,0.0,0.0,3.0,1.0,1.0,0.0,0.0,0.0,0.0,0.0
googleapis,nodejs-containeranalysis,0.7114456,0.0,0.0,3.0,1.0,1.0,0.0,0.0,0.0,0.0,0.0
QubesOS,qubes-core-admin,0.7114456,0.0,0.0,3.0,1.0,1.0,0.0,0.0,0.0,0.0,0.0
DagonMetric,ng-log-gtag,0.7114456,0.0,0.0,3.0,1.0,1.0,0.0,0.0,0.0,0.0,0.0
DagonMetric,ng-config,0.7114348,0.0,0.0,4.0,1.0,1.0,0.0,0.0,0.0,0.0,0.0
ayltai,hknews-backend,0.7114348,0.0,0.0,4.0,1.0,1.0,0.0,0.0,0.0,0.0,0.0
DagonMetric,ng-log-applicationinsights,0.7114348,0.0,0.0,4.0,1.0,1.0,0.0,0.0,0.0,0.0,0.0
open-policy-agent,kube-mgmt,0.7114348,0.0,0.0,4.0,1.0,1.0,0.0,0.0,0.0,0.0,0.0
DagonMetric,ng-translit,0.7114348,0.0,0.0,4.0,1.0,1.0,0.0,0.0,0.0,0.0,0.0
puppetlabs,pdk,0.71142405,0.0,0.0,5.0,1.0,1.0,0.0,0.0,0.0,0.0,0.0
TRON-US,go-btfs,0.71142405,0.0,0.0,5.0,1.0,1.0,0.0,0.0,0.0,0.0,0.0
axetroy,vm.js,0.71142405,0.0,0.0,5.0,1.0,1.0,0.0,0.0,0.0,0.0,0.0
cloud-annotations,standalone-video-react,0.71142405,0.0,0.0,5.0,1.0,1.0,0.0,0.0,0.0,0.0,0.0
conda-forge,dask-jobqueue-feedstock,0.71142405,0.0,0.0,5.0,1.0,1.0,0.0,0.0,0.0,0.0,0.0
project-koku,masu,0.7114132,0.0,0.0,6.0,1.0,1.0,0.0,0.0,0.0,0.0,0.0
awslabs,s2n,0.7114132,0.0,0.0,6.0,1.0,1.0,0.0,0.0,0.0,0.0,0.0
flang-compiler,llvm,0.7114132,0.0,0.0,6.0,1.0,1.0,0.0,0.0,0.0,0.0,0.0
filecoin-project,go-sectorbuilder,0.7114132,0.0,0.0,6.0,1.0,1.0,0.0,0.0,0.0,0.0,0.0
openPMD,openPMD-viewer,0.7114132,0.0,0.0,6.0,1.0,1.0,0.0,0.0,0.0,0.0,0.0
felangel,bloc,0.7114067,0.0,0.0,3.0,1.0,1.0,0.0,0.0,0.0,0.0,13.0
calebporzio,livewire,0.711405,0.0,0.0,4.0,1.0,1.0,0.0,0.0,0.0,0.0,10.0
dotnet,arcade-minimalci-sample,0.71140236,0.0,0.0,7.0,1.0,1.0,0.0,0.0,0.0,0.0,0.0
varnish,hitch,0.71140236,0.0,0.0,7.0,1.0,1.0,0.0,0.0,0.0,0.0,0.0
google-pay,android-quickstart,0.71140236,0.0,0.0,7.0,1.0,1.0,0.0,0.0,0.0,0.0,0.0
killbill,killbill,0.7113997,0.0,0.0,27.0,1.0,2.0,0.0,0.0,0.0,0.0,981.0
pyro-ppl,pyro,0.71139157,0.0,0.0,8.0,1.0,1.0,0.0,0.0,0.0,0.0,0.0
fivethree-team,vscode-svelte-snippets,0.71139157,0.0,0.0,8.0,1.0,1.0,0.0,0.0,0.0,0.0,0.0
amclin,advent-of-code,0.71139157,0.0,0.0,8.0,1.0,1.0,0.0,0.0,0.0,0.0,0.0
potato4d,vue-fixed-header,0.71139157,0.0,0.0,8.0,1.0,1.0,0.0,0.0,0.0,0.0,0.0
qmk,qmk_firmware,0.71139157,0.0,0.0,8.0,1.0,1.0,0.0,0.0,0.0,0.0,0.0
inorichi,tachiyomi-extensions,0.71139157,0.0,0.0,8.0,1.0,1.0,0.0,0.0,0.0,0.0,0.0
hoodmane,rust_ext,0.71139157,0.0,0.0,8.0,1.0,1.0,0.0,0.0,0.0,0.0,0.0
broadinstitute,gatk,0.71138084,0.0,0.0,9.0,1.0,1.0,0.0,0.0,0.0,0.0,0.0
box,box-ios-sdk,0.71137005,0.0,0.0,10.0,1.0,1.0,0.0,0.0,0.0,0.0,0.0
crypto-com,chain,0.71137005,0.0,0.0,10.0,1.0,1.0,0.0,0.0,0.0,0.0,0.0
RTradeLtd,kaas,0.71135926,0.0,0.0,11.0,1.0,1.0,0.0,0.0,0.0,0.0,0.0
LayerXcom,zerochain-book,0.71135926,0.0,0.0,11.0,1.0,1.0,0.0,0.0,0.0,0.0,0.0
sayterdarkwynd,FrackinUniverse,0.71135926,0.0,0.0,11.0,1.0,1.0,0.0,0.0,0.0,0.0,0.0
Velocidex,velociraptor,0.71135926,0.0,0.0,11.0,1.0,1.0,0.0,0.0,0.0,0.0,0.0
ontio,documentation,0.7113484,0.0,0.0,12.0,1.0,1.0,0.0,0.0,0.0,0.0,0.0
mzmine,mzmine2,0.7113376,0.0,0.0,13.0,1.0,1.0,0.0,0.0,0.0,0.0,0.0
fisker,blog,0.7113376,0.0,0.0,13.0,1.0,1.0,0.0,0.0,0.0,0.0,0.0
tsuyoshiwada,react-md-spinner,0.7113269,0.0,0.0,14.0,1.0,1.0,0.0,0.0,0.0,0.0,0.0
voluntarily,vly2,0.7113269,0.0,0.0,14.0,1.0,1.0,0.0,0.0,0.0,0.0,0.0
RTradeLtd,Pay,0.7113269,0.0,0.0,14.0,1.0,1.0,0.0,0.0,0.0,0.0,0.0
duongpham910,rbt_1,0.71130526,0.0,0.0,16.0,1.0,1.0,0.0,0.0,0.0,0.0,0.0
build-week-sleep-tracker-project-july,www-sleeptracker,0.71130526,0.0,0.0,16.0,1.0,1.0,0.0,0.0,0.0,0.0,0.0
montsuqi,panda,0.7112945,0.0,0.0,17.0,1.0,1.0,0.0,0.0,0.0,0.0,0.0
alibaba-fusion,next,0.7112945,0.0,0.0,17.0,1.0,1.0,0.0,0.0,0.0,0.0,0.0
willnationsdev,godot-plugin-refresher,0.71129304,0.0,0.0,8.0,1.0,1.0,0.0,0.0,0.0,0.0,33.0
dlang,phobos,0.7112837,0.0,0.0,18.0,1.0,1.0,0.0,0.0,0.0,0.0,0.0
ipfs,blog,0.7112837,0.0,0.0,18.0,1.0,1.0,0.0,0.0,0.0,0.0,0.0
RTradeLtd,krab,0.7112837,0.0,0.0,18.0,1.0,1.0,0.0,0.0,0.0,0.0,0.0
skpr,operator,0.71127284,0.0,0.0,19.0,1.0,1.0,0.0,0.0,0.0,0.0,0.0
esminc,adhoq,0.71127284,0.0,0.0,19.0,1.0,1.0,0.0,0.0,0.0,0.0,0.0
Dongguage,bigtalk_about_computer,0.71127284,0.0,0.0,19.0,1.0,1.0,0.0,0.0,0.0,0.0,0.0
storyicon,grbac,0.71127284,0.0,0.0,19.0,1.0,1.0,0.0,0.0,0.0,0.0,0.0
os-autoinst,os-autoinst-distri-opensuse,0.71127284,0.0,0.0,19.0,1.0,1.0,0.0,0.0,0.0,0.0,0.0
NexesJS,NQL,0.7112621,0.0,0.0,20.0,1.0,1.0,0.0,0.0,0.0,0.0,0.0
2quarius,remainder,0.7112513,0.0,0.0,21.0,1.0,1.0,0.0,0.0,0.0,0.0,0.0
NexesJS,mongo-utils,0.7112513,0.0,0.0,21.0,1.0,1.0,0.0,0.0,0.0,0.0,0.0
rjnay1984,yelpcamp-rails,0.71121055,0.0,0.0,9.0,1.0,1.0,0.0,0.0,0.0,0.0,57.0
iNZightVIT,iNZightModules,0.71120816,0.0,0.0,25.0,1.0,1.0,0.0,0.0,0.0,0.0,0.0
rpherbig,dr-scripts,0.7111865,0.0,0.0,27.0,1.0,1.0,0.0,0.0,0.0,0.0,0.0
aws,aws-sdk-php,0.7111865,0.0,0.0,27.0,1.0,1.0,0.0,0.0,0.0,0.0,0.0
wevote,WebApp,0.71116495,0.0,0.0,29.0,1.0,1.0,0.0,0.0,0.0,0.0,0.0
sugarlabs,musicblocks,0.7111635,0.0,0.0,2.0,1.0,1.0,0.0,0.0,0.0,0.0,98.0
projectriff,cli,0.7111326,0.0,0.0,32.0,1.0,1.0,0.0,0.0,0.0,0.0,0.0
hyperf-cloud,hyperf,0.71112525,0.0,0.0,18.0,1.0,1.0,0.0,0.0,0.0,0.0,53.0
blusewang,sqlplus,0.71111095,0.0,0.0,34.0,1.0,1.0,0.0,0.0,0.0,0.0,0.0
blusewang,pg,0.71111095,0.0,0.0,34.0,1.0,1.0,0.0,0.0,0.0,0.0,0.0
46OkuMen,romtools,0.71110016,0.0,0.0,35.0,1.0,1.0,0.0,0.0,0.0,0.0,0.0
NoobTW,tfjs-tutorials,0.7110678,0.0,0.0,38.0,1.0,1.0,0.0,0.0,0.0,0.0,0.0
fullstacktf,myment-back,0.7110042,0.0,1.0,0.0,0.0,0.0,2.0,0.0,2.0,0.0,0.0
MyEtherWallet,MyEtherWallet,0.7110042,0.0,1.0,0.0,0.0,0.0,2.0,0.0,2.0,0.0,0.0
Elskom,Els_kom_new,0.711003,0.0,0.0,44.0,1.0,1.0,0.0,0.0,0.0,0.0,0.0
apple,swift-lldb,0.7109707,0.0,0.0,47.0,1.0,1.0,0.0,0.0,0.0,0.0,0.0
tikv,tikv,0.7109707,0.0,0.0,47.0,1.0,1.0,0.0,0.0,0.0,0.0,0.0
theopenlab,labkeeper,0.7109599,0.0,0.0,48.0,1.0,1.0,0.0,0.0,0.0,0.0,0.0
tidepool-org,slack-tidebot,0.71094906,0.0,0.0,49.0,1.0,1.0,0.0,0.0,0.0,0.0,0.0
ros2,system_tests,0.7109383,0.0,0.0,50.0,1.0,1.0,0.0,0.0,0.0,0.0,0.0
ros2,rosidl_typesupport_opensplice,0.7109383,0.0,0.0,50.0,1.0,1.0,0.0,0.0,0.0,0.0,0.0
kopeio,etcd-manager,0.71091664,0.0,0.0,52.0,1.0,1.0,0.0,0.0,0.0,0.0,0.0
timmyers,pulumi-k8s-metrics-server,0.7108304,0.0,0.0,60.0,1.0,1.0,0.0,0.0,0.0,0.0,0.0
dmlc,dmlc-core,0.71077293,1.0,2.0,160.0,1.0,0.0,0.0,0.0,0.0,1.0,0.0
natario1,CameraView,0.7107397,0.0,0.0,5.0,1.0,1.0,0.0,0.0,0.0,0.0,229.0
census-instrumentation,opencensus-cpp,0.71069986,0.0,0.0,17.0,1.0,1.0,0.0,0.0,0.0,0.0,199.0
ehedaya,emilstabs.org,0.71069,0.0,0.0,73.0,1.0,1.0,0.0,0.0,0.0,0.0,0.0
AzureSDKAutomation,azure-sdk-for-go,0.71069,0.0,0.0,73.0,1.0,1.0,0.0,0.0,0.0,0.0,0.0
coding-eval-platform,users-service,0.7106464,0.0,0.0,25.0,1.0,1.0,0.0,0.0,0.0,0.0,188.0
dask,dask-labextension,0.71062535,0.0,0.0,79.0,1.0,1.0,0.0,0.0,0.0,0.0,0.0
buddypress,BP-REST,0.71049994,0.0,0.0,7.0,1.0,1.0,0.0,0.0,0.0,0.0,302.0
coderdojo-japan,dojopaas,0.71049577,0.0,0.0,91.0,1.0,1.0,0.0,0.0,0.0,0.0,0.0
IslasGECI,tablero,0.71049577,0.0,0.0,91.0,1.0,1.0,0.0,0.0,0.0,0.0,0.0
guardrdistro,guardr-project,0.7104023,0.0,0.0,391.0,1.0,2.0,0.0,0.0,0.0,0.0,0.0
killworm737,QrcodeInvoice,0.7103632,1.0,0.0,0.0,0.0,0.0,1.0,0.0,1.0,1.0,0.0
relrelb,CPPS-PCL,0.7103632,1.0,0.0,0.0,0.0,0.0,1.0,0.0,1.0,1.0,0.0
pupudu,window-table,0.71035725,1.0,0.0,0.0,0.0,0.0,1.0,0.0,1.0,1.0,2.0
eclipse,openj9,0.71032625,0.0,1.0,46.0,1.0,3.0,0.0,0.0,0.0,0.0,0.0
micolous,metrodroid,0.7100607,0.0,0.0,1588.0,1.0,6.0,0.0,0.0,0.0,0.0,0.0
protocolbuffers,protobuf,0.709874,0.0,0.0,145.0,1.0,1.0,0.0,0.0,0.0,0.0,13.0
OctopusDeploy,OctoTFS,0.709697,0.0,0.0,165.0,1.0,1.0,0.0,0.0,0.0,0.0,0.0
facebookresearch,habitat-sim,0.709697,0.0,0.0,165.0,1.0,1.0,0.0,0.0,0.0,0.0,0.0
edgexfoundry-holding,edgex-taf,0.7095783,0.0,0.0,176.0,1.0,1.0,0.0,0.0,0.0,0.0,0.0
kubeflow,pipelines,0.7095693,0.0,1.0,89.0,1.0,3.0,0.0,0.0,0.0,0.0,98.0
pdoc3,pdoc,0.7095685,0.0,0.0,134.0,1.0,1.0,0.0,0.0,0.0,0.0,155.0
vinodhss,DataBankRepo_Live,0.7095243,0.0,0.0,181.0,1.0,1.0,0.0,0.0,0.0,0.0,0.0
cisco,mindmeld,0.7091709,0.0,0.0,365.0,1.0,2.0,0.0,0.0,0.0,0.0,506.0
senjoeson,CordovaHelp,0.7091465,0.0,0.0,216.0,1.0,1.0,0.0,0.0,0.0,0.0,0.0
FNA-XNA,FAudio,0.70908266,0.0,0.0,374.0,1.0,2.0,0.0,0.0,0.0,0.0,503.0
dahlia-os,armadillo,0.7089306,0.0,0.0,236.0,1.0,1.0,0.0,0.0,0.0,0.0,0.0
AdobeDocs,adobeio-runtime,0.7089306,0.0,0.0,236.0,1.0,1.0,0.0,0.0,0.0,0.0,0.0
stm32-rs,stm32l0xx-hal,0.7089177,0.0,0.0,114.0,1.0,1.0,0.0,0.0,0.0,0.0,445.0
Perl5-FFI,FFI-Platypus,0.70884305,0.0,0.0,47.0,1.0,1.0,0.0,0.0,0.0,0.0,712.0
lunar-linux,moonbase-core,0.7086608,0.0,0.0,261.0,1.0,1.0,0.0,0.0,0.0,0.0,0.0
Qiskit,qiskit-tutorials,0.70855606,0.0,1.0,210.0,1.0,3.0,0.0,0.0,0.0,0.0,0.0
lacolaco,shiritori,0.7085205,0.0,0.0,274.0,1.0,1.0,0.0,0.0,0.0,0.0,0.0
uqbar-project,wollok,0.70851654,0.0,0.0,67.0,1.0,1.0,0.0,0.0,0.0,0.0,749.0
byte-fe,react-model,0.70845574,0.0,0.0,280.0,1.0,1.0,0.0,0.0,0.0,0.0,0.0
conda-forge,pyqt-feedstock,0.70837843,0.0,0.0,1808.0,1.0,8.0,0.0,0.0,0.0,0.0,1873.0
Haswf,UnimelbTimetableTool,0.7083333,0.0,0.0,0.0,1.0,0.0,0.0,0.0,0.0,0.0,0.0
changeworld,azure-docs.it-it,0.7083333,0.0,0.0,0.0,1.0,0.0,0.0,0.0,0.0,0.0,0.0
jabberish,jabberish,0.7083333,0.0,0.0,0.0,1.0,0.0,0.0,0.0,0.0,0.0,0.0
leablogs,Health-Card,0.7083333,0.0,0.0,0.0,1.0,0.0,0.0,0.0,0.0,0.0,0.0
sdgdsffdsfff,QLExpress,0.7083333,0.0,0.0,0.0,1.0,0.0,0.0,0.0,0.0,0.0,0.0
changeworld,azure-docs.ja-jp,0.7083333,0.0,0.0,0.0,1.0,0.0,0.0,0.0,0.0,0.0,0.0
MapleKip,MapleKip.github.io,0.7083333,0.0,0.0,0.0,1.0,0.0,0.0,0.0,0.0,0.0,0.0
theclegginator,project-3,0.7083333,0.0,0.0,0.0,1.0,0.0,0.0,0.0,0.0,0.0,0.0
zaina-hasan,zaina,0.7083333,0.0,0.0,0.0,1.0,0.0,0.0,0.0,0.0,0.0,0.0
angelu9,TravelTrek,0.7083333,0.0,0.0,0.0,1.0,0.0,0.0,0.0,0.0,0.0,0.0
harddrive1970,cgm-remote-monitor,0.7083333,0.0,0.0,0.0,1.0,0.0,0.0,0.0,0.0,0.0,0.0
Pandinosaurus,imgui,0.7083333,0.0,0.0,0.0,1.0,0.0,0.0,0.0,0.0,0.0,0.0
changeworld,azure-docs.nl-nl,0.7083333,0.0,0.0,0.0,1.0,0.0,0.0,0.0,0.0,0.0,0.0
jessicakwalters,starchaser,0.7083333,0.0,0.0,0.0,1.0,0.0,0.0,0.0,0.0,0.0,0.0
khr0407,WoongJin-AI,0.7083333,0.0,0.0,0.0,1.0,0.0,0.0,0.0,0.0,0.0,0.0
adesegunadedeji,Animal-AdoptionApp,0.7083333,0.0,0.0,0.0,1.0,0.0,0.0,0.0,0.0,0.0,0.0
jennvillacis,Pong,0.7083333,0.0,0.0,0.0,1.0,0.0,0.0,0.0,0.0,0.0,0.0
jamesrgregg,edgex-go,0.7083333,0.0,0.0,0.0,1.0,0.0,0.0,0.0,0.0,0.0,0.0
keneanung,mono,0.7083333,0.0,0.0,0.0,1.0,0.0,0.0,0.0,0.0,0.0,0.0
Pandinosaurus,yolov3-1,0.7083333,0.0,0.0,0.0,1.0,0.0,0.0,0.0,0.0,0.0,0.0
microsoft,Trill,0.7083333,0.0,0.0,0.0,1.0,0.0,0.0,0.0,0.0,0.0,0.0
GoogleCloudPlatform,healthcare,0.7083333,0.0,0.0,0.0,1.0,0.0,0.0,0.0,0.0,0.0,0.0
globo-technology,sic-com,0.7083333,0.0,0.0,0.0,1.0,0.0,0.0,0.0,0.0,0.0,0.0
JerBushau,omega_game,0.7083333,0.0,0.0,0.0,1.0,0.0,0.0,0.0,0.0,0.0,0.0
saferwall,saferwall,0.7083333,0.0,0.0,0.0,1.0,0.0,0.0,0.0,0.0,0.0,0.0
sudachen,go-mxnet,0.7083333,0.0,0.0,0.0,1.0,0.0,0.0,0.0,0.0,0.0,0.0
Pandinosaurus,fairseq,0.7083333,0.0,0.0,0.0,1.0,0.0,0.0,0.0,0.0,0.0,0.0
aprpr66q,electron,0.7083333,0.0,0.0,0.0,1.0,0.0,0.0,0.0,0.0,0.0,0.0
Pandinosaurus,models,0.7083333,0.0,0.0,0.0,1.0,0.0,0.0,0.0,0.0,0.0,0.0
ANLAB-KAIST,rust-dpdk,0.7083333,0.0,0.0,0.0,1.0,0.0,0.0,0.0,0.0,0.0,0.0
lavert,new-travel-site,0.7083333,0.0,0.0,0.0,1.0,0.0,0.0,0.0,0.0,0.0,0.0
brotherlogic,godiscogs,0.7083333,0.0,0.0,0.0,1.0,0.0,0.0,0.0,0.0,0.0,0.0
ichimomo,frasyr,0.7083333,0.0,0.0,0.0,1.0,0.0,0.0,0.0,0.0,0.0,0.0
hotstu,faceswap,0.7083333,0.0,0.0,0.0,1.0,0.0,0.0,0.0,0.0,0.0,0.0
insanelymacdiscord,OCBuilder,0.7083333,0.0,0.0,0.0,1.0,0.0,0.0,0.0,0.0,0.0,0.0
traceon,grpc,0.7083333,0.0,0.0,0.0,1.0,0.0,0.0,0.0,0.0,0.0,0.0
brotherlogic,recordmover,0.7083333,0.0,0.0,0.0,1.0,0.0,0.0,0.0,0.0,0.0,0.0
brcrista,RecoreFX,0.7083333,0.0,0.0,0.0,1.0,0.0,0.0,0.0,0.0,0.0,0.0
MediaIQ,datacollector,0.7083333,0.0,0.0,0.0,1.0,0.0,0.0,0.0,0.0,0.0,0.0
VPSReport,lamp,0.7083333,0.0,0.0,0.0,1.0,0.0,0.0,0.0,0.0,0.0,0.0
bgruening,biopython,0.7083333,0.0,0.0,0.0,1.0,0.0,0.0,0.0,0.0,0.0,0.0
Mattlk13,p5.js,0.7083333,0.0,0.0,0.0,1.0,0.0,0.0,0.0,0.0,0.0,0.0
PhilipSterling,BlackJackApp,0.7083333,0.0,0.0,0.0,1.0,0.0,0.0,0.0,0.0,0.0,0.0
kevinXu1111,Java-Interview,0.7083333,0.0,0.0,0.0,1.0,0.0,0.0,0.0,0.0,0.0,0.0
erin-koen,mud-explorer-frontend,0.7083333,0.0,0.0,0.0,1.0,0.0,0.0,0.0,0.0,0.0,0.0
changeworld,azure-docs.es-es,0.7083333,0.0,0.0,0.0,1.0,0.0,0.0,0.0,0.0,0.0,0.0
PrefectHQ,prefect,0.7083333,0.0,0.0,0.0,1.0,0.0,0.0,0.0,0.0,0.0,0.0
NathanDai,haetae,0.7083333,0.0,0.0,0.0,1.0,0.0,0.0,0.0,0.0,0.0,0.0
waitkafuka,antd-nuxt-springmvc-mybatis,0.7083333,0.0,0.0,0.0,1.0,0.0,0.0,0.0,0.0,0.0,0.0
stackriot,Casper,0.7083333,0.0,0.0,0.0,1.0,0.0,0.0,0.0,0.0,0.0,0.0
Monsooon,react-imvc,0.7083333,0.0,0.0,0.0,1.0,0.0,0.0,0.0,0.0,0.0,0.0
malun666,vue_authority,0.7083333,0.0,0.0,0.0,1.0,0.0,0.0,0.0,0.0,0.0,0.0
scole66,ecma262,0.7083333,0.0,0.0,0.0,1.0,0.0,0.0,0.0,0.0,0.0,0.0
argsv,sarf,0.7083333,0.0,0.0,0.0,1.0,0.0,0.0,0.0,0.0,0.0,0.0
yehuio,Coot,0.7083333,0.0,0.0,0.0,1.0,0.0,0.0,0.0,0.0,0.0,0.0
wilsongis,nuxt-mapper,0.7083333,0.0,0.0,0.0,1.0,0.0,0.0,0.0,0.0,0.0,0.0
lambda-x-voice-chatroom,android,0.7083333,0.0,0.0,0.0,1.0,0.0,0.0,0.0,0.0,0.0,0.0
changeworld,azure-docs.fr-fr,0.7083333,0.0,0.0,0.0,1.0,0.0,0.0,0.0,0.0,0.0,0.0
vizushu,Mod3_FINAL-_PROJ,0.7083333,0.0,0.0,0.0,1.0,0.0,0.0,0.0,0.0,0.0,0.0
p-duke,emaily-survey-app,0.7083333,0.0,0.0,0.0,1.0,0.0,0.0,0.0,0.0,0.0,0.0
qust-implements,market_wx,0.7083333,0.0,0.0,0.0,1.0,0.0,0.0,0.0,0.0,0.0,0.0
hoojaoh,web-platform-tests,0.7083333,0.0,0.0,0.0,1.0,0.0,0.0,0.0,0.0,0.0,0.0
devuxd,observe.dev,0.7083333,0.0,0.0,0.0,1.0,0.0,0.0,0.0,0.0,0.0,0.0
jithendralal,GVKY,0.7083333,0.0,0.0,0.0,1.0,0.0,0.0,0.0,0.0,0.0,0.0
averhagen,classic.buffed,0.7083333,0.0,0.0,0.0,1.0,0.0,0.0,0.0,0.0,0.0,0.0
horizon02,hello-world,0.7083333,0.0,0.0,0.0,1.0,0.0,0.0,0.0,0.0,0.0,0.0
rio-lixu,git-practice,0.7083333,0.0,0.0,0.0,1.0,0.0,0.0,0.0,0.0,0.0,0.0
hazard-ready,pdx-ready,0.7083333,0.0,0.0,0.0,1.0,0.0,0.0,0.0,0.0,0.0,0.0
tekintian,vue2,0.7083333,0.0,0.0,0.0,1.0,0.0,0.0,0.0,0.0,0.0,0.0
metatron-app,discovery-jupyter-r-utils,0.7083333,0.0,0.0,0.0,1.0,0.0,0.0,0.0,0.0,0.0,0.0
DadTraining,Summer2019_Group2,0.7083333,0.0,0.0,0.0,1.0,0.0,0.0,0.0,0.0,0.0,0.0
fesilvajacquier,manta,0.7083333,0.0,0.0,0.0,1.0,0.0,0.0,0.0,0.0,0.0,0.0
Monogramm,dolibarr,0.7083333,0.0,0.0,0.0,1.0,0.0,0.0,0.0,0.0,0.0,0.0
rosebe,domain-list-community,0.7083333,0.0,0.0,0.0,1.0,0.0,0.0,0.0,0.0,0.0,0.0
usc-isi-i2,datamart-userend,0.7083333,0.0,0.0,0.0,1.0,0.0,0.0,0.0,0.0,0.0,0.0
alcodespower,example,0.7083333,0.0,0.0,0.0,1.0,0.0,0.0,0.0,0.0,0.0,0.0
fengjixuchui,XMachOViewer,0.7083333,0.0,0.0,0.0,1.0,0.0,0.0,0.0,0.0,0.0,0.0
Pandinosaurus,go,0.7083333,0.0,0.0,0.0,1.0,0.0,0.0,0.0,0.0,0.0,0.0
buschtoens,DefinitelyTyped,0.7083333,0.0,0.0,0.0,1.0,0.0,0.0,0.0,0.0,0.0,0.0
naka5419,chat-space2,0.7083333,0.0,0.0,0.0,1.0,0.0,0.0,0.0,0.0,0.0,0.0
pj520,goproxy,0.7083333,0.0,0.0,0.0,1.0,0.0,0.0,0.0,0.0,0.0,0.0
bsmout,MeshCentral,0.7083333,0.0,0.0,0.0,1.0,0.0,0.0,0.0,0.0,0.0,0.0
watermyplants,BackEnd,0.7083333,0.0,0.0,0.0,1.0,0.0,0.0,0.0,0.0,0.0,0.0
stackriot,rebass,0.7083333,0.0,0.0,0.0,1.0,0.0,0.0,0.0,0.0,0.0,0.0
Royal-Code,NightsideDevSite,0.7083333,0.0,0.0,0.0,1.0,0.0,0.0,0.0,0.0,0.0,0.0
Tencent,DCache,0.7083333,0.0,0.0,0.0,1.0,0.0,0.0,0.0,0.0,0.0,0.0
gomez-addams,tilt-brush-toolkit,0.7083333,0.0,0.0,0.0,1.0,0.0,0.0,0.0,0.0,0.0,0.0
0brand,tb-updater,0.7083333,0.0,0.0,0.0,1.0,0.0,0.0,0.0,0.0,0.0,0.0
seantrane,awesome-agile,0.7083333,0.0,0.0,0.0,1.0,0.0,0.0,0.0,0.0,0.0,0.0
ut-phly,phly-react,0.7083333,0.0,0.0,0.0,1.0,0.0,0.0,0.0,0.0,0.0,0.0
rmathew21,project3,0.7083333,0.0,0.0,0.0,1.0,0.0,0.0,0.0,0.0,0.0,0.0
mkevenaar,chocolatey-coreteampackages,0.7083333,0.0,0.0,0.0,1.0,0.0,0.0,0.0,0.0,0.0,0.0
midoriver1,udemy-react-redux-crud-application,0.7083333,0.0,0.0,0.0,1.0,0.0,0.0,0.0,0.0,0.0,0.0
agustif,accounts,0.7083333,0.0,0.0,0.0,1.0,0.0,0.0,0.0,0.0,0.0,0.0
buschtoens,ember-apollo-client,0.7083333,0.0,0.0,0.0,1.0,0.0,0.0,0.0,0.0,0.0,0.0
rserran,lifelines,0.7083333,0.0,0.0,0.0,1.0,0.0,0.0,0.0,0.0,0.0,0.0
liuyuqin1991,polaris,0.7083333,0.0,0.0,0.0,1.0,0.0,0.0,0.0,0.0,0.0,0.0
pangeo-data,helm-chart,0.7083333,0.0,0.0,0.0,1.0,0.0,0.0,0.0,0.0,0.0,0.0
anthony-alexander,Horizon,0.7083333,0.0,0.0,0.0,1.0,0.0,0.0,0.0,0.0,0.0,0.0
skiel14,project3-group7,0.7083333,0.0,0.0,0.0,1.0,0.0,0.0,0.0,0.0,0.0,0.0
sifive,wit,0.7083333,0.0,0.0,0.0,1.0,0.0,0.0,0.0,0.0,0.0,0.0
heyenyan,myBackgulf,0.7083333,0.0,0.0,0.0,1.0,0.0,0.0,0.0,0.0,0.0,0.0
changeworld,azure-docs.pt-br,0.7083333,0.0,0.0,0.0,1.0,0.0,0.0,0.0,0.0,0.0,0.0
johandenver,Algolingo,0.7083333,0.0,0.0,0.0,1.0,0.0,0.0,0.0,0.0,0.0,0.0
valyrian-poc,goldcoast-app,0.7083333,0.0,0.0,0.0,1.0,0.0,0.0,0.0,0.0,0.0,0.0
claasahl,DefinitelyTyped,0.7083333,0.0,0.0,0.0,1.0,0.0,0.0,0.0,0.0,0.0,0.0
OctopusDeploy,JiraIssueTracker,0.7083333,0.0,0.0,0.0,1.0,0.0,0.0,0.0,0.0,0.0,0.0
Seemannium,ichiyasaGitSample,0.7083333,0.0,0.0,0.0,1.0,0.0,0.0,0.0,0.0,0.0,0.0
rails,rails,0.7083333,0.0,0.0,0.0,1.0,0.0,0.0,0.0,0.0,0.0,0.0
sethbergman,next.js,0.7083333,0.0,0.0,0.0,1.0,0.0,0.0,0.0,0.0,0.0,0.0
bluemorgan23,rewards-program,0.7083333,0.0,0.0,0.0,1.0,0.0,0.0,0.0,0.0,0.0,0.0
iuryamicussi,Mutant.Hamburgueria,0.7083333,0.0,0.0,0.0,1.0,0.0,0.0,0.0,0.0,0.0,0.0
ghost4426,tfs-web-api,0.7083333,0.0,0.0,0.0,1.0,0.0,0.0,0.0,0.0,0.0,0.0
draganescu,wordpress-develop,0.7083333,0.0,0.0,0.0,1.0,0.0,0.0,0.0,0.0,0.0,0.0
inuinana,ImageSimilarity,0.7083333,0.0,0.0,0.0,1.0,0.0,0.0,0.0,0.0,0.0,0.0
sdgdsffdsfff,MongoShake,0.7083333,0.0,0.0,0.0,1.0,0.0,0.0,0.0,0.0,0.0,0.0
mika-f,mochizuki.dev,0.7083333,0.0,0.0,0.0,1.0,0.0,0.0,0.0,0.0,0.0,0.0
parse-community,parse-server,0.7083333,0.0,0.0,0.0,1.0,0.0,0.0,0.0,0.0,0.0,0.0
sdgdsffdsfff,RedisFullCheck,0.7083333,0.0,0.0,0.0,1.0,0.0,0.0,0.0,0.0,0.0,0.0
sdgdsffdsfff,RedisShake,0.7083333,0.0,0.0,0.0,1.0,0.0,0.0,0.0,0.0,0.0,0.0
keenwon,elint-preset-kw,0.7083333,0.0,0.0,0.0,1.0,0.0,0.0,0.0,0.0,0.0,0.0
final-project-yanolja,yanolja-frontend,0.7083333,0.0,0.0,0.0,1.0,0.0,0.0,0.0,0.0,0.0,0.0
Mizzou-VIMAN-Lab,OnTimeSocial-sgc,0.7083333,0.0,0.0,0.0,1.0,0.0,0.0,0.0,0.0,0.0,0.0
steventam312,swift,0.7083333,0.0,0.0,0.0,1.0,0.0,0.0,0.0,0.0,0.0,0.0
mark0725,tensorflow,0.7083333,0.0,0.0,0.0,1.0,0.0,0.0,0.0,0.0,0.0,0.0
gilsantosjulian,node-typescript-starter,0.7083333,0.0,0.0,0.0,1.0,0.0,0.0,0.0,0.0,0.0,0.0
RicGuerra,QtQmlControls,0.7083333,0.0,0.0,0.0,1.0,0.0,0.0,0.0,0.0,0.0,0.0
GabrielJosue,InvestigacionWeb,0.7083333,0.0,0.0,0.0,1.0,0.0,0.0,0.0,0.0,0.0,0.0
lf-edge,eve,0.7083333,0.0,0.0,0.0,1.0,0.0,0.0,0.0,0.0,0.0,0.0
googleapis,gcs-resumable-upload,0.7083333,0.0,0.0,0.0,1.0,0.0,0.0,0.0,0.0,0.0,0.0
fakegit,faceswap,0.7083333,0.0,0.0,0.0,1.0,0.0,0.0,0.0,0.0,0.0,0.0
havess,daudit,0.7083333,0.0,0.0,0.0,1.0,0.0,0.0,0.0,0.0,0.0,0.0
andrescanavesi,recetas-node-back,0.7083333,0.0,0.0,0.0,1.0,0.0,0.0,0.0,0.0,0.0,0.0
chingu-voyages,v10-bears-team-02,0.7083333,0.0,0.0,0.0,1.0,0.0,0.0,0.0,0.0,0.0,0.0
cthomasw,capsule-wardrobe,0.7083333,0.0,0.0,0.0,1.0,0.0,0.0,0.0,0.0,0.0,0.0
SimenB,zipkin,0.7083333,0.0,0.0,0.0,1.0,0.0,0.0,0.0,0.0,0.0,0.0
shubhamk647,BurgerBuilder,0.7083333,0.0,0.0,0.0,1.0,0.0,0.0,0.0,0.0,0.0,0.0
jessicaskim,fruit-catcher,0.7083333,0.0,0.0,0.0,1.0,0.0,0.0,0.0,0.0,0.0,0.0
willpassteam,WILLPASS,0.7083333,0.0,0.0,0.0,1.0,0.0,0.0,0.0,0.0,0.0,0.0
liudonghua123,brave-browser,0.7083333,0.0,0.0,0.0,1.0,0.0,0.0,0.0,0.0,0.0,0.0
unleashed-coding,douglos,0.7083333,0.0,0.0,0.0,1.0,0.0,0.0,0.0,0.0,0.0,0.0
liudonghua123,wexond,0.7083333,0.0,0.0,0.0,1.0,0.0,0.0,0.0,0.0,0.0,0.0
lenny-intel,edgex-go,0.7083333,0.0,0.0,0.0,1.0,0.0,0.0,0.0,0.0,0.0,0.0
treadpit,wx_calendar,0.7083333,0.0,0.0,0.0,1.0,0.0,0.0,0.0,0.0,0.0,0.0
shawroad,Algorithm,0.7083333,0.0,0.0,0.0,1.0,0.0,0.0,0.0,0.0,0.0,0.0
franklinpradocaritas,yasoma-test,0.7083333,0.0,0.0,0.0,1.0,0.0,0.0,0.0,0.0,0.0,0.0
schuti,SVVATH-D,0.7083333,0.0,0.0,0.0,1.0,0.0,0.0,0.0,0.0,0.0,0.0
GitMazzone,db-term-project,0.7083333,0.0,0.0,0.0,1.0,0.0,0.0,0.0,0.0,0.0,0.0
chingu-voyages,v10-geckos-team-02,0.7083333,0.0,0.0,0.0,1.0,0.0,0.0,0.0,0.0,0.0,0.0
bennyn,benny-lernt-react,0.7083333,0.0,0.0,0.0,1.0,0.0,0.0,0.0,0.0,0.0,0.0
stock-price-sentiment,backend,0.7083333,0.0,0.0,0.0,1.0,0.0,0.0,0.0,0.0,0.0,0.0
kols-forks,files-uwp,0.7083333,0.0,0.0,0.0,1.0,0.0,0.0,0.0,0.0,0.0,0.0
adamszcz,Cribbly,0.7083333,0.0,0.0,0.0,1.0,0.0,0.0,0.0,0.0,0.0,0.0
SungRaeParka,semi-JimCarry,0.7083333,0.0,0.0,0.0,1.0,0.0,0.0,0.0,0.0,0.0,0.0
aliyalewis,mod_3_project_api,0.7083333,0.0,0.0,0.0,1.0,0.0,0.0,0.0,0.0,0.0,0.0
Azure,azure-api-management-devops-resource-kit,0.7083333,0.0,0.0,0.0,1.0,0.0,0.0,0.0,0.0,0.0,0.0
laurayco,soundboard,0.7083333,0.0,0.0,0.0,1.0,0.0,0.0,0.0,0.0,0.0,0.0
matheusalxds,bikcraft,0.7083333,0.0,0.0,0.0,1.0,0.0,0.0,0.0,0.0,0.0,0.0
wonjin9181,GroupClub,0.7083333,0.0,0.0,0.0,1.0,0.0,0.0,0.0,0.0,0.0,0.0
pluggee,Juicyware,0.7083333,0.0,0.0,0.0,1.0,0.0,0.0,0.0,0.0,0.0,0.0
Pandinosaurus,docs-2,0.7083333,0.0,0.0,0.0,1.0,0.0,0.0,0.0,0.0,0.0,0.0
pg-redesign,public-api,0.7083333,0.0,0.0,0.0,1.0,0.0,0.0,0.0,0.0,0.0,0.0
zz-jason,tidb,0.7083333,0.0,0.0,0.0,1.0,0.0,0.0,0.0,0.0,0.0,0.0
mesofunny,front-end,0.7083333,0.0,0.0,0.0,1.0,0.0,0.0,0.0,0.0,0.0,0.0
takisai,taskmaster,0.7083333,0.0,0.0,0.0,1.0,0.0,0.0,0.0,0.0,0.0,0.0
Pandinosaurus,the-incredible-pytorch,0.7083333,0.0,0.0,0.0,1.0,0.0,0.0,0.0,0.0,0.0,0.0
acid-chicken,mono,0.7083333,0.0,0.0,0.0,1.0,0.0,0.0,0.0,0.0,0.0,0.0
RofoRojas,ufm-ai-2019,0.7083333,0.0,0.0,0.0,1.0,0.0,0.0,0.0,0.0,0.0,0.0
fsharp,fsfoundation,0.7083333,0.0,0.0,0.0,1.0,0.0,0.0,0.0,0.0,0.0,0.0
devmountainwon5,group_2,0.7083333,0.0,0.0,0.0,1.0,0.0,0.0,0.0,0.0,0.0,0.0
oasislabs,docs,0.7083333,0.0,0.0,0.0,1.0,0.0,0.0,0.0,0.0,0.0,0.0
Mattlk13,kuma,0.7083333,0.0,0.0,0.0,1.0,0.0,0.0,0.0,0.0,0.0,0.0
devmountainwon5,HealthyHome,0.7083333,0.0,0.0,0.0,1.0,0.0,0.0,0.0,0.0,0.0,0.0
Ethan730,shopping_be,0.7083333,0.0,0.0,0.0,1.0,0.0,0.0,0.0,0.0,0.0,0.0
blackjok3rtt,libnspv,0.7083333,0.0,0.0,0.0,1.0,0.0,0.0,0.0,0.0,0.0,0.0
Pandinosaurus,QGIS,0.7083333,0.0,0.0,0.0,1.0,0.0,0.0,0.0,0.0,0.0,0.0
321pancake,Naratmalssami,0.7083333,0.0,0.0,0.0,1.0,0.0,0.0,0.0,0.0,0.0,0.0
TiagoDanin-Forks,electron-i18n,0.7083333,0.0,0.0,0.0,1.0,0.0,0.0,0.0,0.0,0.0,0.0
Reptarsrage,vscode-manage-user-secrets,0.7083333,0.0,0.0,0.0,1.0,0.0,0.0,0.0,0.0,0.0,0.0
dweomer,edgex-go,0.7083333,0.0,0.0,0.0,1.0,0.0,0.0,0.0,0.0,0.0,0.0
xSmoked,xsmoked.github.io,0.7083333,0.0,0.0,0.0,1.0,0.0,0.0,0.0,0.0,0.0,0.0
kiriaziskokkinos,MyNotesVoiceText,0.7083333,0.0,0.0,0.0,1.0,0.0,0.0,0.0,0.0,0.0,0.0
ViniciusGomesIT,library-system,0.7083333,0.0,0.0,0.0,1.0,0.0,0.0,0.0,0.0,0.0,0.0
seabee03,clickygame,0.7083333,0.0,0.0,0.0,1.0,0.0,0.0,0.0,0.0,0.0,0.0
Potapy4,dotnet-api-docs,0.7083333,0.0,0.0,0.0,1.0,0.0,0.0,0.0,0.0,0.0,0.0
connorshea,VideoGameList,0.7083333,0.0,0.0,0.0,1.0,0.0,0.0,0.0,0.0,0.0,0.0
valyrian-poc,melbourne-app,0.7083333,0.0,0.0,0.0,1.0,0.0,0.0,0.0,0.0,0.0,0.0
vit0r,cwmock,0.7083333,0.0,0.0,0.0,1.0,0.0,0.0,0.0,0.0,0.0,0.0
jeffshek,writeup-frontend,0.7083333,0.0,0.0,0.0,1.0,0.0,0.0,0.0,0.0,0.0,0.0
disksing,tidb,0.7083333,0.0,0.0,0.0,1.0,0.0,0.0,0.0,0.0,0.0,0.0
aepsil0n,nixpkgs,0.7083333,0.0,0.0,0.0,1.0,0.0,0.0,0.0,0.0,0.0,0.0
andrewkumar,andrewkumar-web,0.7083333,0.0,0.0,0.0,1.0,0.0,0.0,0.0,0.0,0.0,0.0
google-cloudsearch,connector-sdk,0.7083333,0.0,0.0,0.0,1.0,0.0,0.0,0.0,0.0,0.0,0.0
DanielFedatto,point-of-sale,0.7083333,0.0,0.0,0.0,1.0,0.0,0.0,0.0,0.0,0.0,0.0
ateamforce,coffeenow,0.7083333,0.0,0.0,0.0,1.0,0.0,0.0,0.0,0.0,0.0,0.0
keenwon,elint-preset-xo,0.7083333,0.0,0.0,0.0,1.0,0.0,0.0,0.0,0.0,0.0,0.0
mahdouglass,practice-react,0.7083333,0.0,0.0,0.0,1.0,0.0,0.0,0.0,0.0,0.0,0.0
BeanyTheSane,Calculator-C-Sharp,0.7083333,0.0,0.0,0.0,1.0,0.0,0.0,0.0,0.0,0.0,0.0
bolasblack,DefinitelyTyped,0.7083333,0.0,0.0,0.0,1.0,0.0,0.0,0.0,0.0,0.0,0.0
intel,webml-polyfill,0.7083333,0.0,0.0,0.0,1.0,0.0,0.0,0.0,0.0,0.0,0.0
russellrusty,Tool-Converter-Project-1,0.7083333,0.0,0.0,0.0,1.0,0.0,0.0,0.0,0.0,0.0,0.0
MickvdMeijde,kuma,0.7083333,0.0,0.0,0.0,1.0,0.0,0.0,0.0,0.0,0.0,0.0
progracdev,premios-exatec,0.7083333,0.0,0.0,0.0,1.0,0.0,0.0,0.0,0.0,0.0,0.0
KartikShrikantHegde,multi-k8s,0.7083333,0.0,0.0,0.0,1.0,0.0,0.0,0.0,0.0,0.0,0.0
rajpootindustries,team4Hackathon2,0.7083333,0.0,0.0,0.0,1.0,0.0,0.0,0.0,0.0,0.0,0.0
SubhashreeP1212,MergePractice,0.7083333,0.0,0.0,0.0,1.0,0.0,0.0,0.0,0.0,0.0,0.0
serverless,components,0.7083333,0.0,0.0,0.0,1.0,0.0,0.0,0.0,0.0,0.0,0.0
jumpsmm7,asuswrt-merlin.ng,0.7083333,0.0,0.0,0.0,1.0,0.0,0.0,0.0,0.0,0.0,0.0
Mattlk13,os-autoinst-distri-opensuse,0.7083333,0.0,0.0,0.0,1.0,0.0,0.0,0.0,0.0,0.0,0.0
krtschmr,monero,0.7083333,0.0,0.0,0.0,1.0,0.0,0.0,0.0,0.0,0.0,0.0
govau,cga-frontend-config,0.7083333,0.0,0.0,0.0,1.0,0.0,0.0,0.0,0.0,0.0,0.0
RaymanRJ,Algorithms,0.7083333,0.0,0.0,0.0,1.0,0.0,0.0,0.0,0.0,0.0,0.0
mozilla-services,mozilla-pipeline-schemas,0.7083333,0.0,0.0,0.0,1.0,0.0,0.0,0.0,0.0,0.0,0.0
gsmlg,singlecloud-ui,0.7083333,0.0,0.0,0.0,1.0,0.0,0.0,0.0,0.0,0.0,0.0
holochain,holochain-basic-chat,0.7083333,0.0,0.0,0.0,1.0,0.0,0.0,0.0,0.0,0.0,0.0
Mattlk13,documentation-4,0.7083333,0.0,0.0,0.0,1.0,0.0,0.0,0.0,0.0,0.0,0.0
vincent-anlan,CS446,0.7083333,0.0,0.0,0.0,1.0,0.0,0.0,0.0,0.0,0.0,0.0
CFC-Servers,PewPew,0.7083333,0.0,0.0,0.0,1.0,0.0,0.0,0.0,0.0,0.0,0.0
divinerapier,onyxiafs,0.7083333,0.0,0.0,0.0,1.0,0.0,0.0,0.0,0.0,0.0,0.0
